compound_id,mol_weight,logP,num_h_donors,num_h_acceptors,rotatable_bonds,bioactivity,aromatic_rings
CMPD_001,255.52757576823385,3.812143978324421,0,8,8,17.95948095779169,
CMPD_002,288.7219284025926,2.787411117749647,1,7,8,17.586159518631913,
CMPD_003,249.72176942702697,2.59591103873492,2,3,0,14.034603287489505,
CMPD_004,303.25237420058704,4.091297179534944,3,4,1,17.72532396344242,
CMPD_005,241.81783775574377,2.510350848481585,4,6,7,15.191403242127022,
CMPD_006,326.7003038047929,3.4259032293087426,2,7,4,18.624456350062903,
CMPD_007,260.56087812623986,3.3161488368911063,1,4,6,17.373496695412122,
CMPD_008,246.8226430391564,3.269924519161796,4,8,0,15.23983217785123,
CMPD_009,289.0916011229515,3.657225411145328,0,9,11,21.01370861775288,
CMPD_010,351.3332187503115,3.161203785110774,5,3,9,19.37171577644992,
CMPD_011,321.3357736026473,3.697867731232524,3,3,11,18.923713150276143,
CMPD_012,242.33057683638103,3.5705777073455973,1,7,4,16.066322288657084,
CMPD_013,259.70624197066377,4.549366177025212,3,0,10,16.29415578739953,
CMPD_014,288.1319888026288,2.8072953040909354,4,7,11,18.758784094479115,
CMPD_015,367.1505948531259,3.514634491952413,5,4,2,21.46604216927529,
CMPD_016,271.831375560934,3.7156725499388816,2,0,9,18.769129901533223,
CMPD_017,272.0734426889041,3.371798722233852,3,3,11,16.605618967714395,
CMPD_018,345.8228816064054,2.831462446056081,0,1,11,17.508763440677544,
CMPD_019,305.8472161578713,4.128551390327598,1,3,1,18.58577934712483,
CMPD_020,331.5900008189622,3.668467165072026,0,7,1,21.24493169821409,
CMPD_021,278.18701379472105,2.866551643536703,3,4,8,17.61712269561758,
CMPD_022,296.9509245681284,3.71933398127913,5,0,3,16.92661768471345,
CMPD_023,339.46895586564733,4.350783035026429,2,6,3,20.85779668821381,
CMPD_024,295.654773697926,3.48184203329204,2,0,6,19.28237666894549,
CMPD_025,333.6915959257939,3.498893665264719,0,8,9,20.94995892793924,
CMPD_026,311.6180190130359,4.28400251552166,4,2,9,18.833458114507284,
CMPD_027,268.81112764743244,3.014808009124373,4,2,1,14.072492948810314,
CMPD_028,299.51048362961933,4.363776021310341,5,5,2,18.18612176061941,
CMPD_029,329.441519768251,3.986455535184119,2,9,2,22.65024617533272,
CMPD_030,320.0824857356065,3.037890518009992,0,5,5,19.79351077728951,
CMPD_031,298.79241304737513,3.1658655000779423,0,5,2,18.53751320033763,
CMPD_032,243.24856833085505,3.237593583158856,0,0,10,14.056541274692576,
CMPD_033,246.1202555577085,2.583217893006455,3,4,4,14.385594906499591,
CMPD_034,252.5008323111865,3.63023587453544,5,5,3,16.47971736522103,
CMPD_035,284.68673379700346,3.060526498376073,4,7,2,16.832521722893958,
CMPD_036,288.6864637891966,3.648275660715653,4,0,7,16.535153504120043,
CMPD_037,255.7376579671793,2.8545283748373915,3,4,9,16.976220174072175,
CMPD_038,330.6753838108805,3.96150661844725,1,2,2,19.689410372331256,
CMPD_039,262.0869276833837,3.868812965065251,3,1,5,17.29145038844851,
CMPD_040,258.8832287379897,3.147060492969892,5,7,6,14.677170235887656,
CMPD_041,302.64707261657844,3.6798245789410577,0,6,6,20.5540672688228,
CMPD_042,329.21715359979686,3.54146027965479,3,9,1,21.940355111409133,
CMPD_043,361.645638594395,4.241149743076456,0,6,2,23.88305862163583,
CMPD_044,317.47635163509534,2.983760516052564,5,4,11,16.793552442961545,
CMPD_045,347.39489156170856,3.4238510107529265,5,8,9,20.470522145256886,
CMPD_046,263.63830044820315,3.1796581816461136,2,4,9,16.583690043069268,
CMPD_047,364.79217781983,3.522409098550084,0,1,3,22.56749166653865,
CMPD_048,244.15546648333532,3.766636801391797,4,2,6,13.68946464906877,
CMPD_049,284.8848223833696,3.174096310963145,3,3,1,15.564581497546346,
CMPD_050,316.81957558736326,3.317946889305394,5,4,2,16.390184860632488,
CMPD_051,251.84348952912168,3.9830203990286814,0,2,6,15.952790545591215,
CMPD_052,272.18849724224,4.178662330963221,1,6,6,17.200748069910265,
CMPD_053,267.42232412131096,3.7467580176014392,2,4,9,19.066428480343102,
CMPD_054,290.69336978250794,3.4310184506284207,1,4,2,17.33210597898017,
CMPD_055,342.6474857001802,3.3834515394814253,5,5,11,21.13006080872416,
CMPD_056,300.5047519886343,3.774063164363645,1,6,0,18.9624576381415,
CMPD_057,286.1080816729795,3.613883500702436,1,9,11,19.800472165135517,
CMPD_058,213.470268984654,2.6755120810543485,2,9,2,13.62247929453674,
CMPD_059,314.00265614515735,3.786192616153951,2,7,4,20.699109387311733,
CMPD_060,323.7004622693454,3.069715105288719,2,8,6,20.39513943034059,
CMPD_061,248.99940696569365,2.791531795762174,2,3,3,15.07993969783347,
CMPD_062,297.9908292083243,2.6658275559456373,1,4,10,17.938782894994805,
CMPD_063,305.7902457099614,3.3919478144083404,4,4,10,18.173294610871725,
CMPD_064,328.93805271911083,2.9917378189086987,4,7,0,19.62920400865793,
CMPD_065,278.25694625263577,2.336819220130401,2,8,5,17.512358300281615,
CMPD_066,273.73918916745606,3.3207722465815945,3,6,1,16.867049570146623,
CMPD_067,286.3050810459491,3.254714582557067,0,4,11,18.064983226675565,
CMPD_068,338.5331115833215,3.42504944267081,5,2,2,20.71080283682822,
CMPD_069,331.3153632651801,3.1855510229788115,3,0,3,18.034502242084237,
CMPD_070,299.3596409348276,4.414664831763639,5,8,5,19.06946125042688,
CMPD_071,330.5932958156486,3.75866864734182,3,4,5,19.749566079781165,
CMPD_072,228.93926379443525,3.2501933381892614,3,8,6,17.301829057534462,
CMPD_073,323.74962618280574,3.468186581276319,4,9,4,19.671215961453758,
CMPD_074,266.4370151155846,4.207321333747674,0,3,6,17.50536588180172,
CMPD_075,353.0107348318759,3.978311405867746,3,4,1,20.951497014404666,
CMPD_076,268.07265864200326,2.801894092812484,2,3,0,14.951607316887966,
CMPD_077,274.41713504299065,3.0128547195866853,5,1,11,16.042740244720395,
CMPD_078,316.87271190393534,3.1090765629883297,4,0,9,20.4025004257552,
CMPD_079,319.7686240434311,3.280150024532096,5,7,7,19.512246777348324,
CMPD_080,286.61003763698443,3.2022883985619788,2,3,0,17.15557852242539,
CMPD_081,311.1421210326909,3.5170046274305387,2,4,11,18.95280486066977,
CMPD_082,314.8613944598546,3.867860655509444,3,5,1,20.74656540175325,
CMPD_083,311.793439681741,3.951330144691243,2,7,10,22.489768800638025,
CMPD_084,287.86335247324814,3.336601328550355,0,7,11,20.4151290623297,
CMPD_085,315.1563307225707,2.682653240622802,2,6,9,20.057772351689152,
CMPD_086,342.1911121504948,2.979795029064129,3,3,5,19.458626279337228,
CMPD_087,263.2353456234352,3.2401126051849847,5,5,0,15.645194946164372,
CMPD_088,274.7981989337458,2.8774827703743213,2,3,9,16.106738558124242,
CMPD_089,300.8176689708174,4.070429493350807,4,6,2,17.371113067442778,
CMPD_090,268.31327877995903,2.910229470709636,4,0,6,13.656487598839917,
CMPD_091,245.89788797318215,3.8085315223676015,4,4,11,16.45239358982799,
CMPD_092,332.7936892764587,2.659059822488731,5,9,7,18.388557849493232,
CMPD_093,233.1363520192125,3.828600550648027,1,9,3,16.020062638366564,
CMPD_094,287.92851907427,3.430365646666207,4,3,11,17.579489095844487,
CMPD_095,322.7683295927601,4.256265351151275,4,6,2,20.738719160081057,
CMPD_096,308.00099368506216,2.934218696726835,1,8,0,18.469204475013655,
CMPD_097,288.38251902063143,3.2179425996942026,5,4,11,18.50675234352633,
CMPD_098,267.07681270395125,3.31478369929478,4,3,8,17.14482650777757,
CMPD_099,310.31603439443813,3.423749964924844,3,8,9,18.78349336399081,
CMPD_100,270.34816684599383,3.3270095845487546,5,4,5,17.101841503823973,
CMPD_101,307.9779775895479,3.3366607170455067,4,8,5,18.684646330972264,
CMPD_102,304.2275294470427,3.3284687283071683,4,7,8,18.375200331271955,
CMPD_103,304.53098727165406,2.464410058709767,1,3,0,17.218724135137194,
CMPD_104,280.7904372246175,3.996667250803884,3,6,5,18.033349935115307,
CMPD_105,361.05027328004365,4.930568283816842,5,4,11,21.981923690618025,
CMPD_106,310.74619901611123,3.649135552300494,2,9,4,19.21692673228471,
CMPD_107,291.6387322734106,2.932124576070853,0,3,10,17.776380680832542,
CMPD_108,307.92811719185414,2.982730684575857,3,4,5,18.321533216957413,
CMPD_109,276.7661506822707,3.806587000945784,2,4,10,17.923113583053116,
CMPD_110,288.41086504566283,3.6927347379241215,3,8,7,19.302040736022004,
CMPD_111,371.7575979635855,3.357854944723331,2,8,4,22.72652675116121,
CMPD_112,276.9785758067308,3.876702185439593,2,5,1,17.527304534671973,
CMPD_113,297.66681899206753,2.4680574766227545,3,3,11,18.25059916573587,
CMPD_114,286.316854507507,3.877031063615562,1,1,11,19.836385648180485,
CMPD_115,268.8109817152566,3.618880582297447,3,2,1,17.394675899892675,
CMPD_116,312.6325497065942,3.002026004608384,3,1,9,19.573654709130636,
CMPD_117,301.0941652996263,2.783338035809658,2,4,4,18.751827863370345,
CMPD_118,327.33081926999785,3.560663641372814,0,5,2,22.50048249869029,
CMPD_119,324.31733760990016,4.203619068383881,2,4,9,21.116585901445685,
CMPD_120,327.0212315712599,3.385953384001483,4,1,2,18.58537010108625,
CMPD_121,272.45389881447016,3.07365749188358,3,4,7,18.925542209733425,
CMPD_122,319.2288239760929,3.5956441300681266,5,8,6,16.811987652759672,
CMPD_123,319.9581451887028,4.410435905061737,3,3,0,19.01235949484021,
CMPD_124,269.36811005379434,3.715649906531858,1,9,11,20.293421157065204,
CMPD_125,290.44151273318283,3.769700994104704,5,1,11,18.318099384664592,
CMPD_126,256.31663710563095,4.111399317985278,2,2,4,18.8706028845054,
CMPD_127,320.0886789714085,3.736278699691911,1,2,8,20.000942626655373,
CMPD_128,319.9506740833192,3.109515146419923,3,8,3,19.054328218913707,
CMPD_129,342.91088397355065,2.627717524050982,2,3,0,18.915633471244124,
CMPD_130,293.13604476556964,3.039173440110869,2,0,7,17.506209153228426,
CMPD_131,313.54408759691387,2.9476368474511627,4,0,4,18.856961453757943,
CMPD_132,329.63205303075927,3.829654059755664,4,6,1,21.27946690822799,
CMPD_133,277.38325414335924,3.899174025674554,0,6,11,19.23248725587393,
CMPD_134,272.821045760469,3.5877860308577443,4,1,0,15.76428959938744,
CMPD_135,278.31344396771505,2.865654011578413,5,8,11,16.79659382844562,
CMPD_136,289.5211359538434,4.393298511963348,2,8,11,19.583480059657308,
CMPD_137,273.8833693306154,3.291894893080206,4,4,11,18.07394159443211,
CMPD_138,279.6051687011633,3.801740505150768,0,2,2,19.22386222791045,
CMPD_139,326.4274550709974,3.5246624183497794,3,2,8,18.74381900775988,
CMPD_140,297.1096010551712,3.604331741624957,5,2,0,16.881901798189876,
CMPD_141,309.20095120978306,3.784092001670199,4,5,3,18.344243105746106,
CMPD_142,283.47849635644275,3.151989919199524,2,3,7,18.259388412733763,
CMPD_143,281.5090371245298,4.152701213132583,3,7,7,18.209096804376102,
CMPD_144,308.5666766862119,2.710247291456364,2,4,9,16.770076728016136,
CMPD_145,303.78186984010216,2.9807218469820578,3,0,11,18.77736168070276,
CMPD_146,323.33960034924206,4.146214687168541,5,8,10,20.2804681373402,
CMPD_147,339.0477899401198,3.795002380552236,2,0,10,20.188947685559725,
CMPD_148,279.25763387170787,4.770195548840717,4,5,7,18.71462604934981,
CMPD_149,325.83553613291343,3.534175221826565,4,0,9,19.171950627259545,
CMPD_150,267.60581496920514,4.350214648229547,0,2,7,18.41658412579628,
CMPD_151,362.2133604840985,2.5712606086682985,3,9,3,19.73794334589337,
CMPD_152,276.41087840585016,2.7932425134014025,0,4,7,18.11144694305012,
CMPD_153,320.7189170927028,3.947762768708487,1,9,8,19.585099719250795,
CMPD_154,267.38278983766,2.6298160871927574,4,6,6,16.84255750541822,
CMPD_155,295.43727341559605,3.401316196495255,3,9,11,20.61129791008659,
CMPD_156,346.3719942646055,4.083604541823579,5,7,1,19.216963203963925,
CMPD_157,275.46887544041783,3.7505856322443343,0,8,8,19.50234526839791,
CMPD_158,366.1255850365867,3.5055476101597898,5,5,10,22.6678964695716,
CMPD_159,299.84173208672865,3.2754462655853422,5,8,7,17.963439996433173,
CMPD_160,329.27137613948,3.6011129372959823,5,7,4,20.318095522519407,
CMPD_161,312.0883372051081,3.7886241861877648,0,8,11,18.54991033647994,
CMPD_162,313.711201967891,3.1695528315069086,1,9,2,21.01939848184349,
CMPD_163,257.21658848570684,3.685868014006024,0,3,6,17.03951807418334,
CMPD_164,285.81441621065864,4.039215372099355,2,8,1,18.364263731576383,
CMPD_165,335.8792938745111,3.388760933350071,4,6,2,20.68901489331009,
CMPD_166,289.67036394690007,3.534061425070326,0,4,11,20.940057013125244,
CMPD_167,304.1649624815344,3.741889417001389,0,4,8,20.28747549903183,
CMPD_168,253.57733614892547,3.775667108044872,1,0,3,17.30811437693107,
CMPD_169,283.8726917699777,3.93922678649922,2,1,3,15.69173276517128,
CMPD_170,333.69117892894394,2.992812522009025,0,9,2,21.744757801888483,
CMPD_171,261.5211170421918,3.235538748807345,4,2,4,15.132482998301196,
CMPD_172,321.5123711098849,3.254060653975173,4,7,2,18.290647973958063,
CMPD_173,305.3333441575496,3.0480439174186618,0,5,8,17.57642090694957,
CMPD_174,292.9213354193046,2.6007930393210925,5,9,2,17.83848825142477,
CMPD_175,291.60226373033976,1.872760529351146,5,4,1,16.353611663414437,
CMPD_176,285.2691090576604,4.09772635587649,2,0,11,19.38365928857746,
CMPD_177,287.9408708382911,2.7230534977762284,4,8,4,18.55197677777057,
CMPD_178,327.8922067443347,4.283254563352954,5,2,5,18.44950430084073,
CMPD_179,287.0386855726568,3.869704744308231,4,2,0,17.938403589391555,
CMPD_180,354.2277096657692,3.297155810096873,2,1,11,22.445457635277805,
CMPD_181,308.9859750912964,3.808211052407367,2,3,10,19.23588367123801,
CMPD_182,282.7121421291518,3.7125666233568606,5,1,5,16.334088668854797,
CMPD_183,329.2009785745684,2.949112818530113,0,8,9,20.385184976502973,
CMPD_184,318.7168782922973,3.4925111131851847,3,9,2,21.310739095816345,
CMPD_185,250.37470679317025,3.010080613729254,1,6,3,14.615012684672978,
CMPD_186,268.9658592894739,3.827064001085546,3,7,5,18.0449148377059,
CMPD_187,296.53739096392763,3.142389524100306,3,2,7,16.943951979360914,
CMPD_188,252.49176196739407,3.451685231901664,4,5,8,14.878083464334528,
CMPD_189,362.7158970591484,3.430100540494625,2,9,5,20.705147004791712,
CMPD_190,324.6669654611802,3.560789500269691,4,5,6,19.266573745303774,
CMPD_191,299.60001458890616,4.331277540557011,5,0,4,16.08043764729301,
CMPD_192,289.7188033916021,3.3795197085720408,1,5,11,19.04597538971154,
CMPD_193,282.01009036923006,4.108963570987258,5,2,8,18.85701269865193,
CMPD_194,241.0790352608727,3.739998497167519,0,2,3,15.94545788721654,
CMPD_195,248.01379045063112,4.209201273018291,1,2,9,18.76533104323084,
CMPD_196,357.0336219380282,3.3307821075925905,4,9,10,21.13403352949733,
CMPD_197,347.20798917697755,3.848068120984784,4,9,5,20.25791315563736,
CMPD_198,282.7266673522788,3.4703659886998293,5,7,4,16.185610570345524,
CMPD_199,327.2399746854737,2.005303489418393,4,4,0,17.501140987053102,
CMPD_200,315.1926232499109,2.955078207489762,4,3,4,20.646642416211662,
CMPD_001,324.83570765056163,3.3577873603482837,2,4,7,5.5610911763721145,
CMPD_002,293.0867849414408,3.5607845263682343,0,5,1,4.468083426981073,
CMPD_003,332.3844269050346,4.083051243175277,4,2,8,8.648574792865789,
CMPD_004,376.1514928204013,4.053802052034903,3,5,0,6.335621992409799,
CMPD_005,288.2923312638332,1.622330632042909,0,2,7,3.896956513478927,
CMPD_006,288.293152152541,2.062174960084877,4,5,3,3.9246981712989393,
CMPD_007,378.9606407753696,3.51503526720866,4,8,3,4.9812419249460005,
CMPD_008,338.37173645764545,3.513785950912209,2,2,4,7.201759486211729,
CMPD_009,276.5262807032524,3.515047686306048,4,3,7,5.168473260095305,
CMPD_010,327.1280021792982,6.852731490654721,4,7,4,9.60349163485408,
CMPD_011,276.8291153593769,3.570890510693167,4,9,7,7.104647478149267,
CMPD_012,276.71351232148714,4.135565640180599,4,7,9,5.766398882373888,
CMPD_013,312.0981135783017,3.9540017634932014,1,6,0,7.822227623929762,
CMPD_014,204.3359877671101,3.651391251305798,1,7,9,3.865237998097456,
CMPD_015,213.7541083743484,2.6847307553596544,2,4,8,1.8238354530404903,
CMPD_016,271.88562353795135,3.758969220493268,0,8,5,3.8103785710667295,
CMPD_017,249.3584439832788,2.227174785462428,4,5,2,5.137113662433436,
CMPD_018,315.71236662976366,2.763181393259991,0,6,7,5.299629597366926,
CMPD_019,254.59879622393944,2.5146364521708966,0,4,8,6.234074689842675,
CMPD_020,229.38481493323545,3.0818741393863225,2,4,5,4.615114891255782,
CMPD_021,373.2824384460777,5.314658566673509,4,2,6,7.586342330070716,
CMPD_022,288.71118497567323,1.132734807408252,4,7,0,7.451842776343992,
CMPD_023,303.3764102343962,3.686260190374514,3,3,4,5.410846345465256,
CMPD_024,228.7625906893272,1.3872841288103483,0,9,4,5.459072252840989,
CMPD_025,272.78086377374086,2.5280681342105664,0,3,9,2.548435190295614,
CMPD_026,305.5461294854933,4.088950596967366,1,6,3,5.478515386440831,
CMPD_027,242.45032112888487,3.0642800190954627,3,8,5,3.082994024579363,
CMPD_028,318.7849009172836,1.9222552220706937,1,3,6,5.797914697073925,
CMPD_029,269.9680655040597,2.284696290740032,1,5,8,5.482149919130596,
CMPD_030,285.4153125103361,3.679597748934676,1,3,0,5.771127436867521,
CMPD_031,269.91466938853017,2.269633368282864,2,6,5,4.405926146019148,
CMPD_032,392.6139092254469,3.216458589581975,2,9,6,9.895488243814915,
CMPD_033,299.3251387631033,3.045571839903814,1,3,2,3.5957763041568125,
CMPD_034,247.114453552205,2.348399652394183,3,5,7,2.912265760019194,
CMPD_035,341.12724560515943,5.143944089325325,0,2,4,8.608134428589004,
CMPD_036,238.9578175014489,3.633919022318011,3,8,8,3.8965513813614496,
CMPD_037,310.4431797502378,0.9748574133423928,4,6,4,3.984881507531972,
CMPD_038,202.01649380601123,3.186454314769428,2,2,8,7.9931782161217235,
CMPD_039,233.5906975550785,2.338213535231612,0,2,9,6.248312404309291,
CMPD_040,309.8430617934562,3.852433334796224,0,2,3,4.791977129206852,
CMPD_041,336.92332899977055,2.2074792615673,4,4,8,6.116243074694777,
CMPD_042,308.56841405949854,2.885263558533101,4,8,4,8.493017423689821,
CMPD_043,294.217585880588,3.5049872789804573,1,9,9,6.530105608130227,
CMPD_044,284.9448152205356,3.865755194170122,2,7,8,7.365246354282032,
CMPD_045,226.07390048162864,1.7997035929442238,2,8,2,5.847914132211416,
CMPD_046,264.00778958026456,2.6654987641590515,3,4,3,6.502007791148863,
CMPD_047,276.9680614520106,2.525054688839044,1,7,8,5.281798627269652,
CMPD_048,352.8561113109458,2.3466707674262883,1,8,9,5.980250908316416,
CMPD_049,317.18091447842306,4.765454240281096,1,2,5,6.24893014683502,
CMPD_050,211.8479922318633,3.404981710960956,1,6,1,5.76065730459018,
CMPD_051,316.20419846973977,1.7391160456649548,2,7,6,5.110980615514973,
CMPD_052,280.7458859791841,3.917861947054776,2,5,1,5.582325956251826,
CMPD_053,266.1538999847021,5.122156197012633,1,5,1,4.908236195614307,
CMPD_054,330.5838144420434,4.032465260551147,3,3,0,6.082611903467343,
CMPD_055,351.5499761247975,1.4806300340459866,0,7,2,3.987068268179804,
CMPD_056,346.56400595580993,2.5157659271337485,0,6,5,9.826182852710753,
CMPD_057,258.0391238388681,4.266911149186623,3,9,7,4.107672175139029,
CMPD_058,284.53938120743925,2.292330534381219,1,4,8,4.732435778373368,
CMPD_059,316.5631715701782,3.443819428146228,2,2,6,4.481117068184202,
CMPD_060,348.777256356118,3.7746340534293368,0,3,3,6.988799092650924,
CMPD_061,276.0412881077355,2.073069528421917,4,5,5,4.87371588705605,
CMPD_062,290.71705116680914,2.9404746439382,4,4,4,3.955506710916085,
CMPD_063,244.68325129969855,-0.2412673400690725,3,4,7,5.6080308283265925,
CMPD_064,240.18966879596647,1.9756123586657104,1,2,0,5.986931645710422,
CMPD_065,340.6262911197099,2.74743184860684,0,9,0,5.780691609341883,
CMPD_066,367.8120014285412,1.7522168180351505,1,9,5,5.057902769015811,
CMPD_067,296.39949392098333,4.632411303931635,0,7,9,8.913835077942572,
CMPD_068,350.1766448946012,1.569858622039367,3,5,1,6.368853756937796,
CMPD_069,318.0818012523817,2.559955513303016,3,9,4,3.725710086424133,
CMPD_070,267.7440122697438,3.1307405772860912,4,6,0,7.3115748719301985,
CMPD_071,318.0697802754207,4.441273289066116,1,9,6,4.541163007541962,
CMPD_072,376.9018283232985,1.5641378488205606,4,4,0,10.238249578519914,
CMPD_073,298.2086980445024,4.16316375215496,1,2,3,5.7178901419519,
CMPD_074,378.23218279070034,3.010233061019587,4,6,8,7.803319188091992,
CMPD_075,169.0127447955128,2.018491348952049,2,7,0,0.971950241579981,
CMPD_076,341.0951252187612,3.462103474263271,2,5,3,4.030950273478995,
CMPD_077,304.3523534119085,3.19905969557347,2,7,5,7.564218933317504,
CMPD_078,285.0496324767066,2.399783122841205,2,4,5,5.767197235494892,
CMPD_079,304.5880388267751,3.0698020849900187,0,6,7,8.616455230837861,
CMPD_080,200.62155426995537,2.61468640313824,2,6,0,5.195446840857762,
CMPD_081,289.0164056081244,3.113517345251248,3,6,6,5.619460150217928,
CMPD_082,317.85562857558733,3.6621306745210473,3,4,0,8.315130339441286,
CMPD_083,373.8947022370758,4.586016816145352,0,4,6,7.91275420282346,
CMPD_084,274.0864890863176,1.762184501173151,2,7,2,4.822691542066057,
CMPD_085,259.57531985534064,5.133033374656266,2,3,7,3.6679003852713614,
CMPD_086,274.9121478207732,1.047912200477498,2,7,2,1.4964892011072406,
CMPD_087,345.7701058851037,2.8482149049644168,4,5,0,5.286024044643422,
CMPD_088,316.43755548298424,3.5883172064845765,1,2,7,3.943704632646242,
CMPD_089,273.51198981164805,3.2809918677350325,4,6,2,9.15977604974156,
CMPD_090,325.6633716556678,2.3773004801794064,1,3,1,4.7188073484695785,
CMPD_091,304.853877467402,2.7918777496427247,2,2,0,4.511163041200725,
CMPD_092,348.43224952664445,2.506999065341167,2,3,2,3.653155089917593,
CMPD_093,264.8973453061324,2.4106352430557885,4,9,1,4.690560984582848,
CMPD_094,283.6168926701116,3.849602097021025,4,9,1,4.4243267419399,
CMPD_095,280.3945923433921,3.3570154859650474,1,8,5,7.946241615147115,
CMPD_096,226.82425259339408,2.3070904047393457,3,9,0,4.951665805530352,
CMPD_097,314.8060138532288,3.8995998754332506,1,7,1,5.724724092091047,
CMPD_098,313.05276360899444,3.3072995208766094,4,9,5,5.459248457053708,
CMPD_099,300.255672832123,3.81286211883896,4,4,2,6.76310532048893,
CMPD_100,288.27064333124264,3.629628841923612,0,6,3,4.767177069053036,
CMPD_101,229.23146289747928,2.171004989077928,4,7,0,5.710224268180343,
CMPD_102,278.96773386173203,2.4398189598030307,0,2,7,7.65461396568879,
CMPD_103,282.8642741736615,3.7472936051232617,3,8,6,6.093484617698412,
CMPD_104,259.88613653891906,3.610370265433465,1,8,6,4.785301467694834,
CMPD_105,291.9357144166996,2.979098406035852,1,8,2,3.9870782283127286,
CMPD_106,320.2025428407269,3.117327383308782,0,2,9,5.301072187217535,
CMPD_107,394.3092950605265,4.2776648957884245,1,2,9,7.415477751142964,
CMPD_108,308.728890641592,2.40842861116417,4,2,2,3.2293407546563544,
CMPD_109,312.8775195361382,3.5470973811700377,2,2,1,6.93079907004231,
CMPD_110,296.2777042116916,2.797807347566106,0,8,0,5.753976809215624,
CMPD_111,204.06143923504797,2.78231879677278,1,8,6,4.29506253238968,
CMPD_112,298.67430622753915,4.09877685198719,0,3,6,4.607500630297608,
CMPD_113,303.01151049705135,3.8254163489880297,0,7,1,4.8980901884152654,
CMPD_114,423.1621056242643,3.813509636000639,2,6,6,7.708931082040669,
CMPD_115,290.3819517609439,4.305478807154329,4,9,7,5.342050109182205,
CMPD_116,315.07736711668065,3.021003841632759,0,9,0,4.901164104412228,
CMPD_117,298.26441151473784,3.681952971294964,1,4,8,6.253684652334159,
CMPD_118,241.5660981190234,2.689733243406544,3,8,6,5.646918971769084,
CMPD_119,357.14114072575103,3.324166352488442,0,4,2,4.230065450520282,
CMPD_120,337.5966516343387,2.8698569456323155,0,7,7,6.720173255772096,
CMPD_121,339.5515973521523,3.0969959649927183,2,7,6,9.657762889311458,
CMPD_122,254.53062726026303,3.5951570254369134,4,4,7,5.809253159209579,
CMPD_123,370.13971554680495,2.181779316766528,3,8,5,3.5710642798792005,
CMPD_124,229.907446860386,5.092387275685461,1,4,8,5.2743762839317245,
CMPD_125,329.3428546900135,1.993982618500298,3,9,4,2.946603747459638,
CMPD_126,409.5227812904989,1.7858113872122678,1,3,2,11.224866459722454,
CMPD_127,250.4731837434656,4.158110873500068,4,9,2,8.474054955261375,
CMPD_128,271.6851135198614,3.791662693962936,1,5,0,4.297109680401814,
CMPD_129,304.98256825438204,3.624119817052155,2,8,7,2.2437368657582817,
CMPD_130,274.82621729419003,3.62834550926428,2,8,1,3.993539943229152,
CMPD_131,222.46682844669337,2.9877532271530853,2,6,2,4.451957498772656,
CMPD_132,303.42814874030137,2.1027456285141684,2,2,7,2.8017604371948224,
CMPD_133,246.8848143136948,3.0758045581937266,3,5,7,4.872894826461979,
CMPD_134,323.6796215317591,2.322838288487888,4,7,3,5.387712047761003,
CMPD_135,254.02878828830984,3.9751197334177513,1,8,3,5.325531901819207,
CMPD_136,377.496720250877,2.852942618497861,1,4,4,6.604729229765526,
CMPD_137,260.83733538318813,2.1745028032074885,2,5,5,3.5773972343369027,
CMPD_138,283.89692418971623,2.6786141583470067,2,6,4,4.026709598107382,
CMPD_139,340.6758608684835,3.412931454275624,0,7,6,6.016440000817472,
CMPD_140,238.45678417830223,2.4362754471960253,4,2,1,3.881707191691704,
CMPD_141,311.37299673020647,2.1777796044335687,3,2,6,6.892750080371305,
CMPD_142,365.3571377141214,3.2436872114919124,1,6,9,6.231781922941956,
CMPD_143,219.62583827193865,3.2449665711087228,0,6,6,7.518259890826471,
CMPD_144,309.2316929266152,2.4930568246288702,0,4,0,6.772346269135878,
CMPD_145,312.9941397124212,2.5289616943816773,1,8,6,7.238408370648277,
CMPD_146,339.0911435888655,3.2320499373576363,3,2,4,6.112965531571597,
CMPD_147,238.1524644560959,1.551915658502676,0,7,2,4.972758462346671,
CMPD_148,233.9771693457862,1.5925362256234448,0,5,2,7.2960061858839715,
CMPD_149,326.09707828084487,2.281555778747564,4,7,3,5.121687035377661,
CMPD_150,314.8492336616593,2.786552848288153,3,3,1,6.447316652693267,
CMPD_151,312.52464251729384,3.3109075655980047,0,3,1,5.256980883490552,
CMPD_152,317.3224104748488,4.475356216949552,3,6,0,5.417805638862489,
CMPD_153,265.99876392107547,3.8576596232020193,1,4,4,3.492409202918377,
CMPD_154,311.61268485805016,2.8400614700365727,2,3,3,4.486361469298747,
CMPD_155,314.65362366493406,2.980983792097311,0,2,9,4.252230438734396,
CMPD_156,264.28242909868163,1.9974706353621912,4,7,1,5.93412456790779,
CMPD_157,393.28872555723785,2.98148686400761,1,7,2,7.991344834308633,
CMPD_158,323.6916460455894,2.7113413610798616,3,6,6,5.565920536196276,
CMPD_159,240.4348251398676,3.3227185603380893,1,8,6,5.281062002677965,
CMPD_160,332.8276804316915,2.172769056447677,0,8,3,5.516846677304038,
CMPD_161,251.26591648863396,3.5193465142411724,3,5,4,3.848429936470979,
CMPD_162,339.3542301871226,4.532738913002578,2,6,4,7.340210730366802,
CMPD_163,357.9297789503702,2.8912398515431423,1,9,5,7.047223815297235,
CMPD_164,258.9658840824145,3.401711722098941,0,5,8,2.291011035078094,
CMPD_165,348.1688064622161,3.690143991711112,4,9,1,5.626038961940392,
CMPD_166,320.6390463468249,2.598779528114164,3,8,4,4.343227404468523,
CMPD_167,341.10300799972447,3.2240924818104166,1,6,2,5.347031473680449,
CMPD_168,394.8396491326974,3.012592400781795,1,9,3,5.444008380835764,
CMPD_169,287.73059419985645,3.097676098548832,2,6,9,5.317442995741348,
CMPD_170,262.3131917821255,2.2269902161445336,2,6,5,4.550958836735497,
CMPD_171,255.52427851872383,3.024510174258942,4,8,7,4.530982761881874,
CMPD_172,259.2094857517281,3.49799829124545,4,5,0,6.802977329149896,
CMPD_173,296.1449145292948,4.451143607795042,0,5,9,6.442331497076325,
CMPD_174,317.0575987408322,3.959270826085207,0,6,7,4.710661094566191,
CMPD_175,313.8345399665009,5.153182457511557,4,3,6,5.020343546196034,
CMPD_176,341.3591624518012,2.2326524371119505,4,4,0,6.574546451328626,
CMPD_177,300.65009459389535,3.872320636720678,3,8,1,6.329362367165171,
CMPD_178,372.67670385786585,3.183342005738352,2,4,2,5.33943088055939,
CMPD_179,286.7671583381022,5.189802933217672,0,4,0,5.235665876349542,
CMPD_180,436.00845832948096,2.1917017146448483,2,5,8,9.549463814889746,
CMPD_181,331.2833673882503,2.160278157819224,2,5,7,4.849039356882411,
CMPD_182,257.1421221791859,2.400607354555978,4,3,1,7.877688839935635,
CMPD_183,246.4553750969444,0.8761042756901931,3,4,8,6.40766459232717,
CMPD_184,324.12362076215925,2.474244978319239,1,4,6,8.276785118036715,
CMPD_185,288.82686073370746,2.240867338446302,3,6,8,4.368747383077561,
CMPD_186,335.70002470460463,3.1503937864762075,3,5,5,5.619205814599525,
CMPD_187,323.66188122867726,3.3417559757771595,2,4,5,5.097048696701144,
CMPD_188,296.3585543671564,4.876170839215886,3,7,3,7.341332415482457,
CMPD_189,257.6603140965798,3.95042383818605,0,3,9,4.3201198657762685,
CMPD_190,224.2576387657068,2.423096344337597,2,9,9,5.781709262105138,
CMPD_191,277.67425239664897,2.101585328651642,0,7,1,6.204350173619715,
CMPD_192,342.8199397161736,3.4919191715065057,1,7,6,5.905347018241121,
CMPD_193,310.7046872065102,1.6797667929793578,2,9,4,7.423013152609541,
CMPD_194,237.7130610644006,4.831458765854354,1,8,5,5.221796291819349,
CMPD_195,308.6590462925591,4.179440120721287,2,8,1,6.9556630529101735,
CMPD_196,319.26586898644183,2.530824347895295,4,3,4,4.903686071277274,
CMPD_197,255.8071281899433,1.2868654709091225,3,7,9,3.801602607830108,
CMPD_198,307.6862552972764,4.353872374165412,4,4,3,6.808968084275717,
CMPD_199,302.9104359223,2.885460154747382,1,5,8,6.163910741198361,
CMPD_200,242.85148510846884,4.237816311973462,3,3,5,5.417257978474583,
CMPD_001,222.7835365480674,3.280018543796712,1,5,1,13.990997592147297,
CMPD_002,292.3686967258335,3.7748497091555024,0,5,11,18.948301801535003,
CMPD_003,306.4035905783943,3.537960267129743,5,8,8,18.42119564293683,
CMPD_004,324.8612830565976,2.6949642762928114,1,3,0,17.949819956775205,
CMPD_005,346.828493972972,4.015933991267415,4,5,11,21.976733812537866,
CMPD_006,361.0509810409773,4.172901633681435,3,3,9,20.15606232935946,
CMPD_007,337.3880202936895,3.868626266471599,4,0,8,18.00833200154385,
CMPD_008,283.13729024087417,2.954194402685896,3,6,3,18.98296652654969,
CMPD_009,290.8558773144678,3.18158677513833,3,9,8,18.06296656485988,
CMPD_010,322.1674641313105,2.571140069321144,4,5,6,18.765300113194197,
CMPD_011,315.58843379543407,4.298024245697778,4,8,10,19.1286946684308,
CMPD_012,348.85037878174086,3.321630718370486,1,6,5,21.59394778157271,
CMPD_013,374.3816825612973,4.666644660824892,5,6,4,21.83339318904337,
CMPD_014,368.0154058529467,4.477615015453889,5,1,10,20.11977280685003,
CMPD_015,344.81814599395034,3.0482867918155283,4,8,8,22.21645717071466,
CMPD_016,315.8370794682869,3.145866130298493,1,9,1,21.091112604714016,
CMPD_017,340.47975188837535,3.73309517117356,5,8,10,21.0031089406436,
CMPD_018,349.8432304118519,2.622728948066865,1,5,11,22.389763711724,
CMPD_019,295.58098808234945,3.2808704413107197,1,2,1,19.507038444893208,
CMPD_020,284.0201708247372,3.230920499396636,3,0,10,17.639820873912253,
CMPD_021,276.97736999784973,4.4255829709733545,5,3,11,18.069014616181136,
CMPD_022,273.7084579966409,3.580508942752228,5,2,8,16.44877975051714,
CMPD_023,258.54014032220425,3.357616511231402,3,0,11,16.462597589954573,
CMPD_024,307.49705127353184,3.1842576336573494,4,2,2,16.958339277112835,
CMPD_025,270.00741596735605,3.947024798662397,3,3,7,16.781354768136275,
CMPD_026,276.49433447593856,3.251644588034796,5,7,10,17.77692376943728,
CMPD_027,321.03766677530183,3.47485851281875,5,8,8,19.25790527886057,
CMPD_028,305.44827198760527,3.180438238764018,4,2,7,17.350964517597976,
CMPD_029,312.8887482190102,2.741231433992303,3,5,3,18.23760922277933,
CMPD_030,340.95446285676246,3.001982436148668,0,9,11,23.49991664235013,
CMPD_031,325.9358972562239,3.2490141463176534,0,4,0,18.56334242630567,
CMPD_032,345.5665974435799,3.3683725848681854,4,5,3,20.83220644277881,
CMPD_033,302.3992948433421,3.390288037038246,3,3,8,19.12399158460118,
CMPD_034,348.35371773937186,3.455540149740619,3,9,1,21.967930016057903,
CMPD_035,310.7921029307238,3.255656184924496,1,5,2,18.237383714266294,
CMPD_036,305.0611878328561,4.174563174084203,5,6,9,17.500028315399227,
CMPD_037,343.8457861882951,3.973992059928491,2,8,7,22.63118342976897,
CMPD_038,273.8353896242011,3.432445366404581,4,9,5,17.725264558747686,
CMPD_039,360.7080170262743,3.6271291398704975,2,6,7,23.24148079797324,
CMPD_040,291.53699939888145,3.3139558792735224,2,5,6,17.527477845353353,
CMPD_041,263.45676085352034,2.078257353974112,4,0,4,14.795562302111671,
CMPD_042,319.6050585616759,3.5102465064630124,3,1,8,19.942862245473616,
CMPD_043,288.6803546964522,3.652807180625608,4,0,3,16.360953758273748,
CMPD_044,360.7742127573375,2.6936691209798864,2,8,5,22.110575437915603,
CMPD_045,287.0129754364456,3.749705534597301,5,9,1,18.132379657024217,
CMPD_046,309.43346752055885,3.359711661027595,5,9,1,17.737973175820375,
CMPD_047,257.2322005356569,3.668966860317331,5,8,1,16.527880117321317,
CMPD_048,324.38742734692414,3.374800676314957,3,6,9,21.74171024929919,
CMPD_049,276.67829772423283,4.125477237113424,0,1,6,17.956500610445023,
CMPD_050,320.79974070997804,3.6131144102920434,4,5,1,17.369553625080883,
CMPD_051,287.1496428088241,4.001208229336004,5,3,11,17.071222192996004,
CMPD_052,238.591959398316,4.042363071087473,4,0,1,12.284058977934151,
CMPD_053,303.9357027103165,2.9402221369557946,5,0,8,18.139223974126526,
CMPD_054,302.5928555123531,3.130491564989426,3,4,6,18.89814132393729,
CMPD_055,326.43214720867843,3.725805341363128,0,1,10,20.000882361856604,
CMPD_056,346.68001715517613,3.317231358120914,0,3,2,19.369726022286603,
CMPD_057,357.37228229750394,3.380696615371852,5,0,2,18.43987644893019,
CMPD_058,325.92462640412657,4.143282411085305,3,3,6,19.272580283377422,
CMPD_059,308.35857576197753,3.344816810903965,1,5,4,19.303189835842108,
CMPD_060,257.17999231453604,3.015535325875709,4,9,9,16.847187219625752,
CMPD_061,306.0606281097002,3.0830999991822026,4,3,5,19.01094338020448,
CMPD_062,306.448205098168,4.59117825059635,2,0,11,18.80259799768744,
CMPD_063,294.0407922103192,3.4108902598073816,3,6,7,16.92256396400794,
CMPD_064,318.98902951802427,2.817876122391045,2,1,8,17.446773898671754,
CMPD_065,333.65717132946406,2.615270702341703,5,8,0,18.852050273900065,
CMPD_066,275.4478820841395,3.187681678662943,2,2,2,15.59386138019154,
CMPD_067,274.980469374016,3.4017389402863083,0,7,10,18.57840607541682,
CMPD_068,295.82123964670114,3.974586853213837,4,7,6,18.316697884586684,
CMPD_069,281.5431242787623,3.9261725832308834,2,2,5,18.508332734228,
CMPD_070,250.7624039292041,3.4968267894635825,0,3,6,15.94861594093875,
CMPD_071,270.1022179103114,3.2729157069202053,3,1,7,15.746101384103923,
CMPD_072,263.03036558887675,3.669800926710845,2,3,5,17.30464260197129,
CMPD_073,336.2535152405446,2.625626961931806,5,8,2,18.6481954205406,
CMPD_074,351.08481018027834,4.490540446964609,5,1,1,20.369885241042624,
CMPD_075,267.1369962811624,3.8270527979283058,5,2,11,16.749977314422523,
CMPD_076,316.3822053941133,3.933495109864136,4,3,6,19.10767221655806,
CMPD_077,326.2054927340925,2.9629233090616944,2,4,11,18.84621690124749,
CMPD_078,255.2319364002041,4.141324320648298,3,0,11,17.504430501050777,
CMPD_079,304.82936841537,3.2699914194868525,2,6,11,21.77814535294109,
CMPD_080,376.0054849603958,3.0237209385907184,4,9,10,22.82807913715976,
CMPD_081,320.3144059907289,3.4804138146968904,0,6,0,18.953696477923582,
CMPD_082,292.6409837600241,3.468722457005813,4,8,2,18.03612986193088,
CMPD_083,283.19440424345373,2.960731463744001,5,3,11,17.718165523753886,
CMPD_084,239.32615245837317,3.052531323229317,0,5,10,15.793145005786505,
CMPD_085,314.11420968350194,3.013384112335975,5,1,3,16.98751858992569,
CMPD_086,358.43450361762945,3.018142466071588,1,3,0,20.976893290150887,
CMPD_087,275.5936873680624,3.3059510464502,4,1,4,17.027493057769206,
CMPD_088,241.93245961448812,2.805507431913771,4,9,9,16.6164526593448,
CMPD_089,280.0732745594033,3.154312751293032,3,4,2,17.443981898536848,
CMPD_090,326.44799237934626,4.022567274192134,2,6,1,19.8141848816446,
CMPD_091,287.14499985533746,3.911654726052092,0,0,2,18.08849272878247,
CMPD_092,275.38595721260737,2.975060379553623,0,9,7,17.92738283714814,
CMPD_093,300.57464745173576,3.979102458647117,3,9,5,20.457540439389696,
CMPD_094,306.89102241503565,2.516780365431976,3,6,6,19.40919505388298,
CMPD_095,258.3482957768492,4.7145721610060765,2,9,11,19.54243608641994,
CMPD_096,293.4814890918953,4.150156596067796,5,5,5,17.62678914465419,
CMPD_097,285.08197158232986,3.2201340439299466,2,5,5,17.52647868621885,
CMPD_098,280.7728695225575,3.691213280867555,4,7,11,20.09813031148393,
CMPD_099,269.4888999182565,2.7995403359454354,5,7,2,15.46336682004568,
CMPD_100,328.2377356438439,3.530221394962907,1,5,11,22.086058065613088,
CMPD_101,280.66839213605914,3.4081684837487667,2,2,7,17.59884599202049,
CMPD_102,240.15164142560144,3.0826183053038023,3,4,11,15.139540267063271,
CMPD_103,307.928934659263,3.2657212568370704,5,1,6,15.964374710963384,
CMPD_104,321.7559841801955,3.2165062620952867,2,4,6,19.672604599274518,
CMPD_105,276.11951804352367,2.9341316403411826,0,8,5,18.34438208105525,
CMPD_106,283.21011930648103,3.0709263770516686,1,9,4,20.32378173842472,
CMPD_107,280.5283883871488,2.779077787000144,4,0,9,15.089488953535058,
CMPD_108,289.60039915709666,3.928665382780309,0,9,7,22.417720855626868,
CMPD_109,333.20550546569467,3.0339436267718654,0,4,4,20.66624070419882,
CMPD_110,296.5782248288293,2.888989564214923,1,5,8,19.017932114035563,
CMPD_111,325.1878063700162,3.9207523399079984,4,6,8,19.60292005599498,
CMPD_112,270.9350510535974,3.684810177169665,3,8,0,17.509307001970072,
CMPD_113,288.4892874125705,3.90225052797448,5,5,5,18.019315721241323,
CMPD_114,328.6204144754192,3.9580416120983273,4,4,6,20.734781305270506,
CMPD_115,275.8318380472122,4.468727448469212,2,6,2,17.188251653544036,
CMPD_116,330.36409382725594,3.421980116653408,0,0,6,21.262569640473565,
CMPD_117,281.14847727014586,2.7711961605022464,2,4,10,17.83579631568107,
CMPD_118,290.35012454824744,3.635518900381063,3,1,10,18.33415024302453,
CMPD_119,350.10487762046773,3.1654976885600914,2,3,6,20.4166997703667,
CMPD_120,286.92543068501305,3.021247358342229,4,6,10,16.835126782645386,
CMPD_121,304.36037408251906,3.5499625861086206,2,4,1,18.43071340041613,
CMPD_122,318.49309267565206,3.9328763665047943,3,5,6,19.958251276809666,
CMPD_123,306.79525949016033,3.082002579201858,3,1,0,15.719936769755012,
CMPD_124,307.6516004666873,4.137194043665859,3,2,4,19.38562066343217,
CMPD_125,298.30380768054795,3.005193020498592,4,6,8,19.115869434322853,
CMPD_126,260.93282372951035,3.3780483893372684,3,1,6,14.919415274124209,
CMPD_127,310.44867990299275,3.693153940890434,0,5,6,19.054371797589894,
CMPD_128,278.0259462896504,3.3060503956579708,3,4,10,17.143176254134595,
CMPD_129,323.2730165220953,2.611998830530732,2,9,11,20.577144987515656,
CMPD_130,341.16184271849056,3.9637037458944016,5,0,1,18.56488412272472,
CMPD_131,245.83328215748952,3.1882678298219864,2,9,7,16.681360538961282,
CMPD_132,341.2142348228131,3.8724492246968474,5,3,2,19.68014881857405,
CMPD_133,287.6682662439887,2.867927932486169,2,1,7,15.60948671946274,
CMPD_134,296.07152333446584,2.953281708951794,4,3,2,15.512905906581464,
CMPD_135,272.6283764246283,3.9312167047776794,2,0,9,14.354114444130412,
CMPD_136,305.6540318719883,3.670254046371012,4,1,6,18.7614500591497,
CMPD_137,302.00444649532216,3.280707144657662,4,7,1,18.040015061109685,
CMPD_138,332.3076847587855,3.677515799085419,3,5,3,21.005248008672773,
CMPD_139,277.7582017010923,3.022980432227821,0,1,10,16.36855643502548,
CMPD_140,349.8240720581373,3.5551295587444547,5,5,5,20.35971458943559,
CMPD_141,319.94142258926666,3.5642769616950325,3,9,10,20.963319204935964,
CMPD_142,302.7290693032623,3.313109197404485,3,8,8,18.72515832825669,
CMPD_143,294.5764690831353,3.082357147204621,4,6,4,16.041281373453668,
CMPD_144,290.8029165859845,3.535124289107397,4,8,8,20.314116596720304,
CMPD_145,292.75968676780485,3.472509428349551,5,4,4,18.515275222339937,
CMPD_146,305.0520587080642,3.267088960540196,2,6,9,18.98434183211,
CMPD_147,293.73000117918804,2.983092764909625,2,6,7,18.883201916056706,
CMPD_148,280.7841163047753,3.506238524667734,3,2,0,15.859405958616064,
CMPD_149,305.2337788451011,3.268338817581697,1,6,6,18.380956393295666,
CMPD_150,274.9113564382384,2.982671189781533,1,0,3,17.95896627869416,
CMPD_151,309.6740070300524,3.5217649053790554,2,8,4,18.04574339440006,
CMPD_152,293.3079889355777,4.304152736027693,1,9,5,19.823217938629927,
CMPD_153,320.9019272769553,3.316586167046461,2,5,4,19.582689124727164,
CMPD_154,329.6722263208643,4.248888270621011,4,4,11,22.233958511227318,
CMPD_155,329.66041681034216,4.557165857365048,3,6,0,21.32534218064517,
CMPD_156,309.5431516815788,3.0232905488111625,0,4,11,18.123540248560552,
CMPD_157,313.04493662300536,3.504522104099482,3,9,8,20.15311427339568,
CMPD_158,290.31746921644697,4.551865958908155,2,4,1,18.478426426313234,
CMPD_159,320.32919065450045,3.439460019295478,2,9,8,20.539689212861965,
CMPD_160,323.7150408198517,3.5184060728827,3,6,9,20.820286006829047,
CMPD_161,252.98012539426415,2.664997262812554,5,9,1,13.771897152207275,
CMPD_162,311.3504158682179,3.2341690498401663,2,6,8,19.14622012074636,
CMPD_163,341.043894231266,3.777794342334469,1,2,5,21.153248933643948,
CMPD_164,289.31129116185645,4.714641321475625,1,2,10,20.01685330043396,
CMPD_165,282.76359071598364,3.4019965832641548,2,9,8,19.009196275919702,
CMPD_166,287.40409616741044,2.6686868388743226,2,2,5,16.51676207916968,
CMPD_167,254.8537202151262,2.7973754046133457,5,5,5,14.860645060820511,
CMPD_168,303.7795186334673,3.482105157030852,1,5,10,20.415067179675287,
CMPD_169,300.8989632029175,4.088603399026124,2,2,1,18.249731663492238,
CMPD_170,305.910804986319,3.8186768414376977,2,2,7,17.808634177025578,
CMPD_171,312.47929863653405,3.7301279317550633,5,7,2,17.47456969328585,
CMPD_172,276.06019793455573,4.154572193458798,5,7,6,16.13703023005872,
CMPD_173,308.1959759706613,3.139885456240524,3,6,4,20.07728798201484,
CMPD_174,313.2959597974719,3.5095473599787828,5,9,2,19.779897713469065,
CMPD_175,285.34824807548904,3.2398089398988024,0,3,0,17.352771672512947,
CMPD_176,312.6035399475592,3.364272132273963,1,3,7,18.867802218033045,
CMPD_177,302.42119879160225,2.996865322837257,3,2,2,16.64462218988256,
CMPD_178,281.06430691669857,3.328011964283102,0,4,1,18.70886202484362,
CMPD_179,308.4836608945103,3.4861422168773006,2,2,0,19.91753032640209,
CMPD_180,291.27867769940343,3.314264250069225,2,7,3,17.70995236109801,
CMPD_181,320.9119582204316,3.4194692484930997,3,6,7,20.91958883047177,
CMPD_182,292.82500859792884,3.702520271718593,5,2,2,16.731279562630206,
CMPD_183,261.3070325470482,4.1193478845322,2,8,0,17.148401005067704,
CMPD_184,308.0096095658295,4.155577934056299,4,4,3,20.12915710836644,
CMPD_185,306.88209743494303,3.880710883698496,3,8,8,19.938507857963177,
CMPD_186,267.56588661607015,2.870009260780842,0,6,0,17.170666178682815,
CMPD_187,322.51608346305915,3.319795007215073,3,6,11,20.429914111836464,
CMPD_188,320.94662508406435,3.3628574846436994,1,5,10,18.81201787525873,
CMPD_189,273.90059422575274,3.1714250846057177,5,1,1,15.320580927688274,
CMPD_190,280.21121096820264,3.671175589514804,5,8,8,17.284808995581745,
CMPD_191,295.7397716091142,2.7028357533592717,3,5,1,15.72810404299751,
CMPD_192,277.2344360688709,4.346783234764146,2,7,2,17.822011310806094,
CMPD_193,319.2119155473503,4.097610335760857,2,0,6,18.71329517633925,
CMPD_194,304.4691584798163,3.739101130950879,4,4,2,19.04462136788185,
CMPD_195,267.1932856233529,3.4689453350399075,4,0,8,14.671030933097544,
CMPD_196,275.3258726145213,4.114419647536277,5,9,5,17.067981909705836,
CMPD_197,335.63157531499206,3.8447024683901336,4,7,2,20.492729001009724,
CMPD_198,346.06687133746243,4.053318892109046,0,7,8,21.42020490920611,
CMPD_199,316.16186928157526,3.47047395887008,4,0,0,16.725465872942497,
CMPD_200,293.6617423454906,4.394656542932084,0,8,9,19.034335616286977,
CMPD_001,327.6003438001619,4.229012637782162,3,3,2,12.30959399303788,
CMPD_002,290.9591063867944,2.751900422961999,2,6,6,14.36684953330051,
CMPD_003,299.5224646499327,3.538491570703577,1,3,3,12.552037811657812,
CMPD_004,327.4803095937327,3.5620363628597467,1,8,2,12.233040437715443,
CMPD_005,278.3319334903834,2.8627535587504886,4,1,7,10.477486365420551,
CMPD_006,290.6403897405599,3.689775152306115,1,5,3,10.864883565224796,
CMPD_007,268.31016002082777,4.058123195259062,1,6,10,16.268893337583407,
CMPD_008,268.24488837012564,4.254023795709577,0,3,0,12.479696591284192,
CMPD_009,272.3825131798236,3.375317949187027,4,5,5,12.200944369956826,
CMPD_010,285.22528827499,4.750822517567556,4,6,9,14.02349982772385,
CMPD_011,288.45613397480804,2.4710166233016224,1,3,10,16.133036717730114,
CMPD_012,308.6589645269514,3.678108354907231,1,7,10,15.19564231284742,
CMPD_013,273.263491558743,2.7938528400350724,1,8,0,12.115845998371938,
CMPD_014,309.5889802775243,3.5450913187484496,5,0,4,10.559606609920944,
CMPD_015,314.55003874569684,3.2390466249474854,2,6,6,12.64209277188069,
CMPD_016,285.965334515032,3.753438728195281,3,8,5,13.3984974624354,
CMPD_017,275.8582628274486,3.436559642948903,2,9,1,11.876675190892003,
CMPD_018,302.5523709593997,3.087007910986742,4,4,10,13.988760198543233,
CMPD_019,293.9124761096867,3.11985452621801,0,1,3,12.488995950075031,
CMPD_020,306.6105548782064,4.466229748724777,3,9,10,15.383413665184309,
CMPD_021,347.095993087799,3.7217618692312073,0,5,1,15.765094543428503,
CMPD_022,302.0591114528315,2.648935646730806,5,6,10,14.413655673282,
CMPD_023,280.82308316159606,3.775393867558382,4,1,0,10.311764323769731,
CMPD_024,273.27331164173825,3.4026616688210014,5,1,2,9.569081593944126,
CMPD_025,274.4339510603525,3.5023005435485697,4,9,2,12.01676120568675,
CMPD_026,256.1170107866664,3.9099440769908975,0,9,11,17.04782516461067,
CMPD_027,327.98230825036734,4.091613586856423,0,0,6,14.450301823990728,
CMPD_028,233.00163541932707,3.0705936360396557,0,3,0,10.218874314001845,
CMPD_029,314.6431445315792,3.485129172922308,4,6,8,13.223593488818496,
CMPD_030,273.95808279974307,3.226944498630715,1,8,10,11.432939434246386,
CMPD_031,284.62784356127645,3.798431090537132,0,2,5,13.852695928716688,
CMPD_032,273.06037075366834,3.3838477531319158,5,6,3,9.734980710220242,
CMPD_033,343.37593978926094,3.514625739850937,3,6,2,13.645201992133952,
CMPD_034,300.4894680505733,3.364861619494918,4,6,2,10.729359178125746,
CMPD_035,323.7113557512856,3.446940242215334,5,1,1,8.16199729271941,
CMPD_036,339.0158057578802,4.352325502964067,2,5,1,12.12998587506238,
CMPD_037,304.9021642206721,4.695383082383862,2,1,11,14.393827184250869,
CMPD_038,264.13128687434363,3.688546046871238,3,5,9,14.264497241485278,
CMPD_039,293.3807174965268,3.4500151100915484,1,9,4,13.633154468348998,
CMPD_040,277.73255959301395,2.7021816195551587,0,2,8,15.215222396463746,
CMPD_041,284.89487514338106,3.1197909000943134,4,1,1,8.546632095860417,
CMPD_042,297.16128622052133,3.436631982107047,5,5,1,9.755952354811509,
CMPD_043,295.97533073723207,3.142468389681287,0,1,11,13.988392598882774,
CMPD_044,312.3632748306086,3.1950496185640387,5,4,5,12.06563963392667,
CMPD_045,316.7191288134146,4.287694737028083,4,1,9,14.345644445386045,
CMPD_046,295.9756447120063,3.514395406869241,2,2,1,11.54454423221828,
CMPD_047,312.10406754323753,3.5591059957009685,0,2,11,16.141629524114393,
CMPD_048,283.5192043519368,3.1629047198308866,3,5,3,11.704304127155336,
CMPD_049,339.4433947678951,4.088772362384793,1,5,5,16.061460346342713,
CMPD_050,283.0346613534706,3.393710686005716,3,9,4,11.797643233938842,
CMPD_051,335.91559453867285,3.239568167424572,1,2,0,11.455880956587084,
CMPD_052,255.71798724684837,2.709624591345279,5,2,5,8.797382244546498,
CMPD_053,288.5877822776746,3.469449043124317,0,0,0,10.20326385962546,
CMPD_054,290.07065479159183,3.223970999111299,0,6,2,12.631004677096923,
CMPD_055,308.3697538424542,4.34228987300845,1,7,9,17.096912351152934,
CMPD_056,325.8545040965647,4.421949346000975,2,1,4,12.587895821593548,
CMPD_057,262.51814390821414,2.8823597526168627,4,3,9,12.209385389434136,
CMPD_058,266.7605087387128,2.938923381059501,3,9,4,11.190782723261163,
CMPD_059,257.94275796851286,3.3618401824367763,5,6,9,11.879717486384456,
CMPD_060,339.6055259159525,3.091981052302864,3,7,5,13.09386944496967,
CMPD_061,308.9281482839137,3.6087082878433567,3,0,11,12.640934879254448,
CMPD_062,267.4688637462864,3.3366882554572164,5,3,9,13.863454034192165,
CMPD_063,286.70715378131786,3.640266170277629,5,5,7,11.329039589037668,
CMPD_064,335.45284186984486,4.008046760823484,0,2,4,14.712036962258164,
CMPD_065,291.6564230906629,2.9678892448322465,3,4,10,12.352696059357942,
CMPD_066,289.8843558662648,3.9976056112386993,4,9,0,11.278446249670449,
CMPD_067,276.5610987953082,3.135673792839912,4,8,4,12.11894236856865,
CMPD_068,269.2502305854371,4.574241424574388,1,2,2,12.651386779751924,
CMPD_069,335.4997143132947,4.310487983124694,5,4,3,10.134393230404276,
CMPD_070,350.2170476622618,3.4434598320568823,0,7,7,15.66641524226467,
CMPD_071,270.4441679163796,3.0182082777349795,4,5,6,10.251302740978474,
CMPD_072,342.1482698765436,2.9225670101627084,2,3,10,14.462172447854847,
CMPD_073,285.3783175112968,3.936814251037265,0,7,4,15.026438770898968,
CMPD_074,316.0094398610666,3.484798616734751,0,2,1,13.090203299418818,
CMPD_075,342.3064141444322,3.963433442875979,4,2,5,12.30993296057582,
CMPD_076,295.647702128891,4.60211448464782,2,3,10,14.129052246504632,
CMPD_077,290.1617423919792,3.1148085306419384,1,8,5,14.123799776737645,
CMPD_078,324.0324289136456,2.884930878120956,4,4,9,13.278046261984302,
CMPD_079,266.7014148889125,3.596280117266313,2,7,9,11.588358946877012,
CMPD_080,334.4118413352129,4.072379805726149,0,5,10,17.51265070069511,
CMPD_081,304.2842817732775,3.029769855107121,2,2,5,12.314489806470908,
CMPD_082,282.6674847553747,3.517312369379623,0,7,8,16.552830102784416,
CMPD_083,281.8749719005244,4.185021830585495,4,8,10,13.087465432703096,
CMPD_084,258.49612464514905,2.6835610807548136,5,7,7,7.609634075985268,
CMPD_085,283.9148350012803,3.6176589807195496,4,3,7,12.71864997633168,
CMPD_086,292.078867140168,3.2299484532006075,3,5,0,10.488239811408969,
CMPD_087,268.16119404865555,3.562078295485652,3,0,4,9.141138495245189,
CMPD_088,298.6360507161299,3.854892145291844,3,3,6,11.607036270573756,
CMPD_089,314.1875125357649,3.6104042539440457,4,7,5,15.597564277375056,
CMPD_090,293.5958359200174,2.994888798944072,1,0,4,11.74645188358678,
CMPD_091,319.881774795578,3.2493769308832605,4,2,7,13.308842440313242,
CMPD_092,275.78580051061994,4.213296490162233,5,0,2,9.069532337777314,
CMPD_093,330.1014829265982,3.664466446962049,2,8,5,11.07586540512765,
CMPD_094,303.65444117324574,3.920159563792424,4,1,4,11.16712936706822,
CMPD_095,346.3577150926423,3.625147655091521,4,8,7,13.214195183248426,
CMPD_096,372.426519367162,3.90455803412096,0,3,3,13.435161601148693,
CMPD_097,285.8926922309016,3.3019269550313397,0,1,7,13.878201095670772,
CMPD_098,287.12808369295624,3.116244176616282,0,3,9,15.234774829811208,
CMPD_099,292.6127363415385,3.881848857924024,4,9,1,10.654955028909828,
CMPD_100,317.87106750526544,4.0636870052227785,1,5,8,13.583317829075469,
CMPD_101,339.7790991142527,3.042859344601679,2,6,8,14.895700701045584,
CMPD_102,280.4157454749059,3.212027594288136,2,2,9,11.462578853753412,
CMPD_103,311.4373279943422,3.4183867858845467,5,2,9,10.288154987935435,
CMPD_104,295.922181304327,4.309912302491324,1,9,5,15.113352623480282,
CMPD_105,318.54327307621764,3.7815677275841297,1,7,3,13.7460110845358,
CMPD_106,345.2837308022307,2.8379565850670567,2,4,3,11.97992398493153,
CMPD_107,292.7901528770096,3.453508604205249,3,3,5,10.405408554653906,
CMPD_108,249.90396999978807,3.377060622124783,0,6,4,12.0723447569658,
CMPD_109,322.3170503064088,2.913365221998035,0,6,5,13.53925975139392,
CMPD_110,275.01884344183645,3.447604041552636,2,8,6,11.367028595690403,
CMPD_111,295.7065278910867,3.3549812801968137,1,8,6,13.064314120102384,
CMPD_112,323.6109251061484,3.3191837381914207,5,4,8,13.393882532399688,
CMPD_113,308.92184560593324,3.2963093163090944,3,7,7,15.062907908276886,
CMPD_114,296.9483992334086,4.235696774174402,2,9,5,13.189068809933758,
CMPD_115,282.7235486262504,3.3181484419497425,0,0,11,16.398791957694502,
CMPD_116,213.00318659175,3.5248355281501325,4,8,5,8.703446698882967,
CMPD_117,320.9496244726861,3.4706176438616354,1,7,4,14.166497969005292,
CMPD_118,292.4114490232271,3.247491574816332,4,5,0,8.687636073533001,
CMPD_119,345.4000883506717,3.539752366183849,5,2,8,13.139966434647476,
CMPD_120,311.9408408988561,3.532675298048882,2,2,8,13.624892353942757,
CMPD_121,283.7662388239547,3.539878263449608,0,7,8,16.71995621543017,
CMPD_122,332.0061026512812,3.0703834289517893,3,4,10,13.298045394132505,
CMPD_123,334.5338821787457,3.39693774637368,4,9,7,14.122627825432271,
CMPD_124,293.4290455694257,3.880160937674929,3,6,9,13.907200194906718,
CMPD_125,335.8093459671968,3.41009168430998,5,4,2,10.200741936808155,
CMPD_126,283.3407583384186,3.580890956300629,0,7,0,11.734792084932414,
CMPD_127,304.7894330822371,3.5835185003631778,4,9,10,13.366108928909863,
CMPD_128,317.1422516315634,3.7086975653669594,5,9,11,14.462916450976966,
CMPD_129,323.5434475204257,3.779325457506905,3,3,11,14.911312535095298,
CMPD_130,318.6456554584767,3.412924695125389,3,1,7,13.206915074130771,
CMPD_131,290.02028458310485,3.044332348453952,4,2,6,11.706718860351517,
CMPD_132,332.8109292207432,2.8906423356625623,0,7,4,14.605432576601071,
CMPD_133,296.26718030680746,4.008843206368179,3,6,9,15.457467182238895,
CMPD_134,282.9291791317442,3.885125223985533,2,1,6,11.672700552964065,
CMPD_135,283.3698609806001,3.8246823421687632,5,5,9,14.044537012726911,
CMPD_136,358.19965174429007,3.9056017639313367,4,8,3,10.813137244531204,
CMPD_137,277.74049715724163,3.419222008187056,1,3,8,14.801555927920385,
CMPD_138,338.7490568028134,3.1875617911172247,1,8,10,16.631840665993717,
CMPD_139,265.93599912569493,3.009796295100981,0,1,9,12.117894247068724,
CMPD_140,314.6371633522256,2.9553250017072505,2,1,1,10.814327073943256,
CMPD_141,308.91250354472504,4.106079344275166,3,8,8,13.7737144746084,
CMPD_142,348.6368063917868,3.2534275721229258,1,6,8,14.124671799718906,
CMPD_143,280.36794314494455,4.027429534605443,0,6,4,15.31155690774516,
CMPD_144,272.0800734611884,3.4065570848096747,5,0,10,11.73888832112413,
CMPD_145,296.50468864959055,3.161879395878788,2,5,0,9.67587615579562,
CMPD_146,349.94405487721355,2.952817601224928,2,6,6,13.660327593100794,
CMPD_147,273.47524560168694,3.2059228215061246,0,5,9,15.841937601069844,
CMPD_148,222.347501033874,4.209119391453145,0,5,9,14.714838045746474,
CMPD_149,301.7930351211985,2.9578949601100937,3,1,3,12.274867408049568,
CMPD_150,328.4856875388303,4.558373410739826,0,5,8,16.641216166727897,
CMPD_151,269.58582202080413,3.079696286265178,3,3,5,8.983780191809233,
CMPD_152,325.43796520059794,3.874974985325623,3,8,2,11.327667541048331,
CMPD_153,268.9226704496263,3.427374352872506,4,0,5,10.324083659436727,
CMPD_154,295.60324392924963,3.339720208736907,2,7,9,15.116156906385497,
CMPD_155,322.5804694585817,2.864289611437432,5,4,5,7.977982298345863,
CMPD_156,264.37603794784684,3.450803508624381,2,0,4,14.615619004544978,
CMPD_157,305.44539994522665,2.920857001816998,2,3,1,11.427164353167562,
CMPD_158,336.4492053387671,2.65921145011628,4,0,9,13.025538757516614,
CMPD_159,314.21802297634054,3.5597993391087246,3,5,9,15.57912640017882,
CMPD_160,278.3812182722769,3.182288446582122,3,1,1,12.77358671351153,
CMPD_161,345.5615505815038,4.3421742580624905,0,4,6,16.19927253598784,
CMPD_162,319.7517753576747,4.000010857546411,4,6,1,12.019343586027407,
CMPD_163,244.1865600022708,4.348716090668385,0,1,11,15.879672288419396,
CMPD_164,325.9273084420268,3.159558547746051,4,5,5,11.768905479865442,
CMPD_165,282.8587724274817,3.568068870065644,0,5,4,12.771487861899647,
CMPD_166,305.89690642927394,2.1896645201594733,1,4,3,10.764430743360183,
CMPD_167,330.2401201287978,3.359098809656638,2,4,6,12.57801322042303,
CMPD_168,283.511862460055,3.5492491740123406,2,2,7,11.61763591405115,
CMPD_169,250.6322215787456,3.577024038850886,5,9,3,10.360925758814837,
CMPD_170,345.16635575717487,3.478815794729164,3,9,0,9.21042673704344,
CMPD_171,334.93750413605846,3.533296285875834,5,1,0,9.584621733130692,
CMPD_172,297.3823196045116,2.143378682918294,1,6,0,10.597867150947662,
CMPD_173,325.60264354476345,3.628110918040989,5,0,10,13.392899831470622,
CMPD_174,288.9183980380895,3.741719945965019,2,5,0,10.285500090112816,
CMPD_175,302.9091053028255,4.169012701314426,3,5,4,16.105442095850318,
CMPD_176,295.6713617208978,3.684369029638465,1,2,3,13.9805566149389,
CMPD_177,290.1316774392809,3.434631466643381,2,1,8,12.047219381699875,
CMPD_178,310.7790774025726,4.052470961115485,0,1,2,13.001887489884236,
CMPD_179,263.75463529063234,2.321332887700261,4,8,6,10.74177655407576,
CMPD_180,292.45257507703263,3.242525734686428,1,4,10,13.83244959388891,
CMPD_181,309.43438417450216,3.1170950099706443,3,6,7,11.539664513275923,
CMPD_182,355.1430212388491,3.4827391000843444,5,4,5,12.365673437091584,
CMPD_183,264.9739735406191,2.400653593885417,5,6,11,12.016475020330914,
CMPD_184,315.6165917319728,4.15981783112186,1,3,9,16.496634183681714,
CMPD_185,318.9044632928358,3.375095050157877,3,7,0,11.889861239350848,
CMPD_186,243.6984380795179,3.6593983455794663,1,9,7,15.650760283702988,
CMPD_187,312.3159604322776,3.611545612529947,3,9,9,13.550406072056273,
CMPD_188,326.4085523695134,4.131244947438475,5,6,2,11.497068720929851,
CMPD_189,317.65958038147306,2.5690249325629764,2,9,7,14.460155425153172,
CMPD_190,297.4821823538197,3.5561605827349063,0,4,11,15.62114571375131,
CMPD_191,309.99720109567284,4.073089130352431,2,5,3,11.600860416718104,
CMPD_192,305.0953409174709,3.4510067766396544,0,4,7,16.535919468465544,
CMPD_193,249.31627985054416,3.024365303430849,5,6,10,12.87497401509608,
CMPD_194,305.799609742634,3.198054942172107,2,1,0,11.122981003845265,
CMPD_195,288.9878878205498,3.3035289990967978,2,4,2,10.363391006648492,
CMPD_196,278.8553348700605,3.1394749852385053,1,9,5,11.877706196223098,
CMPD_197,374.5490986075996,3.4235944414663204,4,2,8,12.871578678804996,
CMPD_198,337.5784715885867,4.254123701592501,5,8,1,10.766888346548606,
CMPD_199,265.4948381905684,3.2013176172312585,3,5,10,12.54389645694398,
CMPD_200,310.3990858969752,3.2561630128605006,5,9,0,9.72904248307535,
CMPD_001,249.344844357945,3.944576912393903,0,2,2,10.63353688311055,3.0
CMPD_002,266.39857732590383,2.939124448572056,3,5,8,10.211731181511349,2.0
CMPD_003,320.12733744830626,3.116567980997724,4,4,9,14.085793973345613,3.0
CMPD_004,318.1137156083368,3.5340361346243103,2,3,8,9.723238218753345,2.0
CMPD_005,288.24369703839403,4.01438449571174,3,3,6,13.237571724498157,1.0
CMPD_006,269.4670707276914,3.750842522584394,3,4,9,8.423406401253498,0.0
CMPD_007,269.17789345421966,3.624162571257941,4,1,1,5.460386333423738,0.0
CMPD_008,288.80195262176056,3.5390588676180084,3,8,6,10.52800777412801,1.0
CMPD_009,319.3355547493587,3.700117927763388,0,1,6,16.487002367376757,3.0
CMPD_010,327.8473707403297,3.600826452564627,0,9,10,16.070333784129772,4.0
CMPD_011,285.1040479355409,2.985013862611532,5,1,4,10.146036817700782,3.0
CMPD_012,265.3952272204565,3.523039610816576,1,9,8,11.816812564443016,0.0
CMPD_013,308.03530913599,2.9631556705411235,3,8,11,11.980524955345128,4.0
CMPD_014,275.29395088122453,3.540541271450412,1,2,10,10.973324472188564,2.0
CMPD_015,284.45242083416395,3.2596760292558797,2,9,2,12.424575087638075,4.0
CMPD_016,339.7582827131112,4.769690811391431,0,6,3,16.44754934520284,3.0
CMPD_017,324.81346285697305,3.480052808124144,5,3,0,9.119274647946384,1.0
CMPD_018,304.73922936754354,2.7978802168692054,2,5,5,10.035885922293202,2.0
CMPD_019,261.8424299666183,3.4329098946615377,5,3,3,7.742686429541759,3.0
CMPD_020,306.34189702411976,3.759679372818944,4,9,0,11.618635231769078,2.0
CMPD_021,331.8797187236258,4.336681973076262,0,6,1,14.112699505904152,4.0
CMPD_022,288.73099002703395,3.205273800030641,2,0,2,6.015929178351351,0.0
CMPD_023,340.53342269960143,2.70878601298818,4,2,8,11.68656406917462,3.0
CMPD_024,338.7823586855462,3.9084185057154905,2,2,7,11.261309413404057,1.0
CMPD_025,349.9119849643042,2.809700647050174,5,0,6,12.485198792046852,4.0
CMPD_026,309.1572937959406,3.281922279246257,4,5,10,13.549043648244048,3.0
CMPD_027,317.6217509941804,3.371189757244503,4,8,11,11.753686790376175,1.0
CMPD_028,342.4256186499327,3.465183273349946,0,7,3,11.569593338145474,3.0
CMPD_029,313.4218181120693,3.844582228537168,1,6,0,11.413711551400436,4.0
CMPD_030,284.9629767662936,3.158182858856806,5,9,7,14.303179031144277,3.0
CMPD_031,286.5437149041642,3.36313537391662,5,7,3,10.583303149508758,2.0
CMPD_032,307.15664861321216,3.4928648235253057,4,5,2,14.25736901805854,4.0
CMPD_033,261.28315734161345,3.574798978759394,4,8,8,12.27592965969469,3.0
CMPD_034,295.7022325390742,3.548913587353961,0,2,9,10.928887617696931,0.0
CMPD_035,332.89641354690764,3.71800288761129,1,9,3,14.818615716623295,3.0
CMPD_036,234.2623844650416,3.921919754820869,5,9,3,8.345883296061306,2.0
CMPD_037,346.03446305383545,3.696317057825484,3,8,8,12.768537326723338,1.0
CMPD_038,333.6712265610948,3.726792761754609,3,3,11,9.276681112407028,1.0
CMPD_039,286.2070615250857,2.708888416626761,1,6,10,10.09299460032425,1.0
CMPD_040,316.3017248361543,3.52511384958284,2,8,11,12.453868645615648,0.0
CMPD_041,300.0944318071898,3.739753774000804,0,1,1,8.631715442145678,2.0
CMPD_042,336.8997110531605,3.864470597285225,1,1,11,13.832129625954376,4.0
CMPD_043,329.4804942830982,3.1538246128831027,3,8,4,8.949733636481383,1.0
CMPD_044,257.9978783045097,3.170480362555677,4,2,3,10.294273555821524,2.0
CMPD_045,317.6178724039253,3.212949662358201,3,8,8,11.604766438571223,3.0
CMPD_046,293.8311643907025,3.768206949945672,4,4,11,8.273692016447846,0.0
CMPD_047,302.484977115543,4.016940527462104,0,5,4,9.558524037547713,2.0
CMPD_048,278.1548429709055,3.296269946354199,4,1,8,8.45145507260956,2.0
CMPD_049,352.44411207362504,3.953981156813525,1,7,10,11.90525134080677,4.0
CMPD_050,331.2018545970773,3.5617399045822973,4,8,8,11.494656316486658,2.0
CMPD_051,277.806865080811,3.437857111418782,2,1,1,11.96186781760899,4.0
CMPD_052,259.961681792693,3.394307885091016,1,5,8,9.14218175580782,0.0
CMPD_053,288.42982107066456,3.8733056823010794,0,5,2,8.163632475164084,0.0
CMPD_054,313.0350793827392,3.662788908393535,1,7,3,12.814048798383473,3.0
CMPD_055,307.20617531838667,4.637912713823819,2,9,0,13.847506069856768,4.0
CMPD_056,337.5939847430473,3.073887678501338,0,4,0,15.238516013690456,4.0
CMPD_057,323.6975916654256,3.759050851014988,3,8,0,12.291368956829611,1.0
CMPD_058,329.0870707725872,3.2353994950942435,2,0,8,10.304918252776982,1.0
CMPD_059,309.8056620183131,3.0653565065056783,0,8,10,14.499462617459557,3.0
CMPD_060,258.32103809367027,3.494566431482514,4,9,7,9.56104566164107,0.0
CMPD_061,294.1290440655929,3.568676239703518,1,6,4,10.567534477745022,1.0
CMPD_062,331.80269219725994,4.959086777530047,0,3,4,14.94582504336358,2.0
CMPD_063,298.4543121442606,3.407927092158399,1,2,8,7.001266667171721,0.0
CMPD_064,315.0927110587124,2.9349106352576584,4,9,2,12.658209935566015,2.0
CMPD_065,290.437550542616,3.636505358747193,0,5,2,12.03811754844369,4.0
CMPD_066,269.10564454374463,2.462679981226816,3,0,6,6.668754745853636,0.0
CMPD_067,296.2996780786167,3.4540216086978672,2,2,8,10.214464787120267,3.0
CMPD_068,309.2714232909796,3.5080126411475803,0,1,5,12.02154834546918,4.0
CMPD_069,280.3293684161567,3.8973001914726058,4,8,1,11.969403302596955,4.0
CMPD_070,292.9286626543,3.986811124713924,0,2,0,9.727287460295294,2.0
CMPD_071,271.81610274042055,3.248215190546141,1,1,1,9.206086070515733,4.0
CMPD_072,333.5773475269229,3.4246929926850336,5,3,0,6.560836366741578,1.0
CMPD_073,291.16632727235896,3.1169395846946646,0,1,9,8.06947863820594,0.0
CMPD_074,343.5826663537855,2.935968722596153,3,0,9,9.05838871350156,1.0
CMPD_075,345.86243551622726,3.654947389690317,0,5,8,12.95255849135803,2.0
CMPD_076,297.5686210583477,2.8632072257017005,2,9,9,14.8502463061804,2.0
CMPD_077,269.7465380235795,3.2926865497140683,0,7,11,9.62587705500131,0.0
CMPD_078,237.42306366799988,3.002413020050381,5,9,7,9.664554106774508,4.0
CMPD_079,255.83888780919625,3.77484159314513,1,9,6,11.137422734430864,3.0
CMPD_080,258.7849552530402,4.400715049633244,0,1,2,10.136216791207248,2.0
CMPD_081,341.35408882384513,2.849206008598334,3,8,7,11.804479172190144,0.0
CMPD_082,303.4747376168084,2.5734907585512152,4,2,1,10.563456102926333,3.0
CMPD_083,311.6881357227596,3.4375565573249665,0,7,1,14.131614301934068,4.0
CMPD_084,233.38736973194625,3.5078488979788798,0,7,10,12.5270875046421,2.0
CMPD_085,264.06100712348217,3.6093296533786488,2,2,9,8.389425443624944,0.0
CMPD_086,326.6123932933886,3.2768397423828275,3,2,2,12.005745961147564,0.0
CMPD_087,308.6032233714776,3.399680350587284,5,5,6,8.869687931102504,0.0
CMPD_088,295.5838416394321,3.683755205270301,4,0,0,9.054316340989216,2.0
CMPD_089,316.9452707580037,4.020215446322419,1,3,7,14.146796835244809,3.0
CMPD_090,349.07393418407446,2.5224756148408587,0,0,11,10.69684915605174,0.0
CMPD_091,293.3687260938885,3.315530280484269,5,2,6,7.326975602182651,4.0
CMPD_092,302.08109407974206,3.606904396970532,4,8,3,10.074908704919494,0.0
CMPD_093,305.7779075619392,3.041011947694632,1,4,4,12.537213648754754,3.0
CMPD_094,371.7632890582198,4.36558481588365,5,4,9,10.575969732988614,2.0
CMPD_095,237.01931206742924,3.1822950598856314,3,3,0,8.244031975962006,0.0
CMPD_096,320.49669044366425,3.4793536564963587,3,2,3,9.630712278440916,0.0
CMPD_097,296.5559325372281,3.7780110484211455,4,4,0,12.951607110416422,4.0
CMPD_098,317.0031517855254,3.2043576055990526,1,3,0,10.495216376121885,4.0
CMPD_099,280.27882338015826,2.5767134760977912,3,7,9,10.953116024255486,0.0
CMPD_100,298.5310490742465,3.2856727365417333,4,3,0,8.46000426816539,0.0
CMPD_101,321.3423173839649,4.01472027796352,3,7,6,16.036225998332192,4.0
CMPD_102,393.3873060313152,3.3315524366074305,3,5,6,17.428907732971496,3.0
CMPD_103,324.24108568206213,3.0767828492705105,5,4,3,11.846065366709428,1.0
CMPD_104,274.5580320590847,3.9628361047513607,5,3,11,10.435923931669985,1.0
CMPD_105,287.2872095393189,3.334612551988473,3,3,1,11.811478971271017,0.0
CMPD_106,286.3975767484844,3.2449195931748918,2,3,11,12.754612312694086,4.0
CMPD_107,246.1307048210996,3.5747280448316547,5,8,2,8.463005157520223,2.0
CMPD_108,290.09729424895687,3.885375104809394,1,3,7,10.91279849791835,2.0
CMPD_109,321.9848724546524,4.690856765866273,4,8,7,13.36580546464194,1.0
CMPD_110,261.7730364276961,3.913618053828712,4,9,10,13.463924599664116,3.0
CMPD_111,331.4544795315178,4.079919983194172,1,5,10,10.447136244154786,1.0
CMPD_112,314.63324463253014,3.2470169005060723,1,9,5,9.475278293315345,0.0
CMPD_113,277.97300034086885,2.987065947015262,1,6,9,11.138441400413289,3.0
CMPD_114,295.7541108798646,3.5311656748095617,1,9,8,13.23871361014827,2.0
CMPD_115,347.949654229231,3.553584957629798,0,2,10,14.34034637974536,4.0
CMPD_116,322.006434405176,2.9607436293177014,4,7,11,13.174606914783126,4.0
CMPD_117,300.26350964694444,3.4123527350479934,0,2,8,8.442274007196014,0.0
CMPD_118,292.86950049117047,3.6996588008595657,3,0,3,11.35256558495406,1.0
CMPD_119,302.2982721135498,3.68019669750904,3,9,11,9.764016037762763,0.0
CMPD_120,284.6470932617309,3.752143926692136,4,4,0,12.872953731199756,4.0
CMPD_121,236.85751482842957,3.645482365068722,3,1,0,9.247222877292243,2.0
CMPD_122,361.265337316042,3.246495670364972,1,9,11,16.968352171383913,4.0
CMPD_123,304.65974997598204,3.2430496866755782,0,5,9,11.64667984080817,3.0
CMPD_124,311.9444179536761,2.900524301003062,1,9,4,12.90527407264186,4.0
CMPD_125,298.2627675036927,4.392387519592548,3,8,1,13.022490449710205,4.0
CMPD_126,277.9464959782624,3.5067251823096464,5,0,5,8.599040906279729,3.0
CMPD_127,294.42226557153685,3.387573472102574,0,3,6,10.547634422145189,1.0
CMPD_128,252.01815713417068,3.0356039592737707,1,0,0,11.733920098281864,4.0
CMPD_129,368.3125949415991,4.967828951163889,4,0,5,8.598481393894744,0.0
CMPD_130,262.9646400473281,2.963335983888552,1,7,7,10.997810427351911,4.0
CMPD_131,269.0410114845846,3.285576037196963,5,1,11,6.882105477670182,0.0
CMPD_132,286.792223868408,3.7079184181430302,3,0,4,9.789759976864213,3.0
CMPD_133,338.6422717455713,3.8001064828721383,0,7,11,14.47963056945362,4.0
CMPD_134,300.4352699778796,3.978966027607842,4,3,6,12.30245349554414,3.0
CMPD_135,262.9159261190861,4.403804253884632,0,2,9,11.591566154483028,3.0
CMPD_136,337.63015082272017,3.753078827730356,4,3,5,10.884083110944603,1.0
CMPD_137,321.93001880356445,2.971984600016666,0,4,3,12.816661664350956,4.0
CMPD_138,316.1530487164936,3.3715274374391093,3,0,6,9.051236272345966,0.0
CMPD_139,321.4720272351252,3.6539161862569434,4,0,9,10.14215146726875,0.0
CMPD_140,371.83085701747353,4.534113020752912,2,2,8,13.727011181677392,4.0
CMPD_141,365.55284685108336,2.8010972607878517,0,5,9,14.49137761368566,1.0
CMPD_142,279.3985397099011,4.101288252612614,0,0,9,13.77130234110504,1.0
CMPD_143,348.7165497843346,3.5899571847732084,1,1,6,11.796647487178545,1.0
CMPD_144,311.495045692767,3.91891526761474,4,6,11,11.11512834674925,0.0
CMPD_145,314.9728744841325,3.449002641682034,5,0,4,10.85063280283594,3.0
CMPD_146,249.23187505070013,3.0787836849368366,2,6,6,7.788236451644321,1.0
CMPD_147,294.8884270383541,3.875436389700666,3,3,2,9.230732214755667,0.0
CMPD_148,275.61529228990304,3.8272155135528103,1,9,1,9.244369794862116,0.0
CMPD_149,324.8417644467993,3.986028482869861,2,5,10,13.702020602805383,3.0
CMPD_150,332.1324150120841,3.493347682310682,4,7,4,11.74845271589344,4.0
CMPD_151,237.76540946951064,3.200088988340075,2,8,3,10.778204313189924,4.0
CMPD_152,299.3389540798719,2.7206065024880792,0,5,4,7.3332472750545135,1.0
CMPD_153,333.65584514382755,3.909686634069703,0,8,7,10.95002901180384,1.0
CMPD_154,294.3996311305967,3.711944741221993,1,3,11,12.468664645871398,3.0
CMPD_155,321.8719093500709,3.0171086835680203,4,5,3,8.596145148021389,1.0
CMPD_156,310.5349640288125,3.230713163351688,4,7,8,13.617859470600797,3.0
CMPD_157,310.2498069585788,3.26662059402428,2,8,6,9.260796922368602,0.0
CMPD_158,291.8605506579511,2.758507784008791,1,2,9,10.24804821389383,1.0
CMPD_159,263.5025758759287,3.091158801697433,4,1,11,6.84104923524914,0.0
CMPD_160,266.35409557724915,2.933084821596823,5,5,6,10.008445949213048,2.0
CMPD_161,321.2805754336595,3.2937604940560314,5,3,7,8.679062860869701,3.0
CMPD_162,300.5837476655665,3.1306512508352187,0,0,11,9.823356365451644,2.0
CMPD_163,295.84463266178324,2.6864975395666257,2,7,5,8.978121003000698,1.0
CMPD_164,287.2832987303294,4.5112951152847405,3,8,7,12.328421418269375,0.0
CMPD_165,290.84433463557747,4.126270365514616,0,8,2,12.198669645253087,1.0
CMPD_166,331.4073538346442,3.110490289240007,1,1,9,9.106626197237668,2.0
CMPD_167,289.9426775439592,3.636210698326805,4,8,9,10.739429934776624,1.0
CMPD_168,259.76805860095294,3.708732544910648,0,6,0,10.53299718937226,4.0
CMPD_169,322.3095532662052,4.095542927386738,3,4,5,12.838456905297631,2.0
CMPD_170,293.85370008405846,3.090697486669961,3,6,0,11.447848463831049,1.0
CMPD_171,300.9418759659833,4.046053391991213,5,8,8,8.488607173947297,0.0
CMPD_172,348.2273491919853,3.2260473478965324,1,7,1,12.7128345889395,1.0
CMPD_173,299.3831832794848,2.832068797915693,0,5,10,8.985167720244117,0.0
CMPD_174,308.67551019356176,3.8620682796572487,2,3,1,11.347582840552333,4.0
CMPD_175,264.6322952610502,4.145379212061214,0,0,6,9.442792697255287,1.0
CMPD_176,293.4099164294712,4.793954486765342,5,5,1,14.69887571465837,4.0
CMPD_177,318.28578135625804,2.900137367454893,3,2,9,8.890037193797259,2.0
CMPD_178,253.33878798476275,3.8494598425403934,1,5,7,10.763522233438485,0.0
CMPD_179,306.0253527934713,3.2950993781032336,1,5,5,9.419820008287264,2.0
CMPD_180,303.02373217934417,3.891679355262016,2,3,6,7.873759815009192,0.0
CMPD_181,301.2386236676232,2.7647552243843747,1,1,6,11.052796303050258,4.0
CMPD_182,331.11476695974727,2.868615112150718,5,8,5,11.962920154185031,3.0
CMPD_183,310.03315544545563,3.112062588416758,5,1,9,4.8806294430969634,1.0
CMPD_184,344.3421569506933,3.5394820228340422,5,2,10,14.003874989060945,4.0
CMPD_185,270.1923145321789,3.179459366730822,1,9,8,7.270796660708876,0.0
CMPD_186,304.07773701655043,3.82952717195671,1,0,8,9.143317606530754,0.0
CMPD_187,302.5340035916984,4.013447309128957,5,6,6,11.951516365632196,0.0
CMPD_188,267.9223651873476,3.799788770622678,1,0,8,11.932075393215843,0.0
CMPD_189,328.6888500627404,4.309393819830434,1,8,9,12.345777879603244,1.0
CMPD_190,369.7401991755845,3.707913314727672,3,0,2,8.640919678395427,2.0
CMPD_191,299.48981776548504,2.8915516448299163,0,4,2,12.94970484534258,3.0
CMPD_192,315.150632648213,4.18168825676917,4,6,0,11.82792925788307,1.0
CMPD_193,302.5355542744598,3.197421882197001,1,2,4,8.255417968659385,0.0
CMPD_194,278.59245990278475,3.955209249842785,4,8,3,9.516889485631836,1.0
CMPD_195,245.3771916659395,4.286867108277553,4,7,1,10.282262563623927,4.0
CMPD_196,278.826795507139,3.7283440053652,3,2,8,8.369496910296471,0.0
CMPD_197,258.24124857144807,2.751920593417675,1,4,2,10.365271600423778,3.0
CMPD_198,351.1230623417736,3.0408939167451043,5,6,7,9.502065114451886,0.0
CMPD_199,296.54670918230283,4.161372233442568,4,3,5,10.434524333712492,3.0
CMPD_200,289.62242012858485,3.415438657178592,1,4,4,12.145173991712577,3.0
