compound_id,lab,batch_id,experiment_temp,pH,exposure_time_hr,assay_type,assay_result,passed_threshold
CMPD_001,LabX,BATCH_017,25.665438659170377,8.350529283313929,4.378621084188922,in_vitro,1.6757705728971186,False
CMPD_001,LabX,BATCH_017,25.665438659170377,8.350529283313929,4.378621084188922,in_vivo,6.23932623632485,True
CMPD_001,LabX,BATCH_017,25.665438659170377,8.350529283313929,4.378621084188922,toxicity,3.6000693279189333,False
CMPD_002,LabZ,BATCH_041,22.33370398304558,7.9646083844389315,9.174324355533718,in_vitro,4.552393897898074,True
CMPD_002,LabZ,BATCH_041,22.33370398304558,7.9646083844389315,9.174324355533718,in_vivo,2.483960177467325,False
CMPD_002,LabZ,BATCH_041,22.33370398304558,7.9646083844389315,9.174324355533718,toxicity,6.75827664807908,True
CMPD_003,LabZ,BATCH_096,26.098859014871525,7.177602339854226,5.0394087080640535,in_vitro,4.912149734089756,True
CMPD_003,LabZ,BATCH_096,26.098859014871525,7.177602339854226,5.0394087080640535,in_vivo,7.174907101388332,True
CMPD_003,LabZ,BATCH_096,26.098859014871525,7.177602339854226,5.0394087080640535,toxicity,5.350490388065122,True
CMPD_004,LabZ,BATCH_019,23.679943702178512,7.5667897830136095,12.831288981162244,in_vitro,1.13675204564625,False
CMPD_004,LabZ,BATCH_019,23.679943702178512,7.5667897830136095,12.831288981162244,in_vivo,7.193085591950428,True
CMPD_004,LabZ,BATCH_019,23.679943702178512,7.5667897830136095,12.831288981162244,toxicity,0.973998735380639,False
CMPD_005,LabY,BATCH_081,23.756809148897148,6.691087749129533,16.153933339206507,in_vitro,1.2601946341671757,False
CMPD_005,LabY,BATCH_081,23.756809148897148,6.691087749129533,16.153933339206507,in_vivo,3.165594639736727,False
CMPD_005,LabY,BATCH_081,23.756809148897148,6.691087749129533,16.153933339206507,toxicity,3.192288916095327,False
CMPD_006,LabX,BATCH_027,24.81022848761385,6.56610438975888,1.0260239277800145,in_vitro,7.792042730762964,True
CMPD_006,LabX,BATCH_027,24.81022848761385,6.56610438975888,1.0260239277800145,in_vivo,4.657687226499272,True
CMPD_006,LabX,BATCH_027,24.81022848761385,6.56610438975888,1.0260239277800145,toxicity,7.494770583949326,True
CMPD_007,LabX,BATCH_009,25.943203932015106,6.576236490376983,12.226231365075028,in_vitro,3.864165042828094,False
CMPD_007,LabX,BATCH_009,25.943203932015106,6.576236490376983,12.226231365075028,in_vivo,5.635292738021271,True
CMPD_007,LabX,BATCH_009,25.943203932015106,6.576236490376983,12.226231365075028,toxicity,5.948084623024412,True
CMPD_008,LabY,BATCH_060,27.93298580997068,8.351503386110611,15.84294933476398,in_vitro,6.3921308341540986,True
CMPD_008,LabY,BATCH_060,27.93298580997068,8.351503386110611,15.84294933476398,in_vivo,4.070147651168324,False
CMPD_008,LabY,BATCH_060,27.93298580997068,8.351503386110611,15.84294933476398,toxicity,4.244290222430212,False
CMPD_009,LabZ,BATCH_099,24.30683083676236,7.851623271485466,13.877312808270627,in_vitro,4.4037388414683125,False
CMPD_009,LabZ,BATCH_099,24.30683083676236,7.851623271485466,13.877312808270627,in_vivo,1.6951752194063916,False
CMPD_009,LabZ,BATCH_099,24.30683083676236,7.851623271485466,13.877312808270627,toxicity,4.832196273463406,True
CMPD_010,LabY,BATCH_099,24.436705235490138,7.9776101001573725,15.379865278722846,in_vitro,4.23263148984744,False
CMPD_010,LabY,BATCH_099,24.436705235490138,7.9776101001573725,15.379865278722846,in_vivo,6.160145788155107,True
CMPD_010,LabY,BATCH_099,24.436705235490138,7.9776101001573725,15.379865278722846,toxicity,5.182602342119337,True
CMPD_011,LabY,BATCH_043,26.647402594754222,6.56412539261361,2.9136417797055048,in_vitro,7.672763606906376,True
CMPD_011,LabY,BATCH_043,26.647402594754222,6.56412539261361,2.9136417797055048,in_vivo,5.140176950417134,True
CMPD_011,LabY,BATCH_043,26.647402594754222,6.56412539261361,2.9136417797055048,toxicity,3.875588607559473,False
CMPD_012,LabY,BATCH_037,22.545487982670583,7.893591027928682,14.708693701845425,in_vitro,5.115394444331568,True
CMPD_012,LabY,BATCH_037,22.545487982670583,7.893591027928682,14.708693701845425,in_vivo,6.448334481754327,True
CMPD_012,LabY,BATCH_037,22.545487982670583,7.893591027928682,14.708693701845425,toxicity,1.4535851844219063,False
CMPD_013,LabZ,BATCH_090,22.185413113015198,7.772745411419181,18.279281689568155,in_vitro,3.5695029623648185,False
CMPD_013,LabZ,BATCH_090,22.185413113015198,7.772745411419181,18.279281689568155,in_vivo,3.611646528229296,False
CMPD_013,LabZ,BATCH_090,22.185413113015198,7.772745411419181,18.279281689568155,toxicity,5.821980405755001,True
CMPD_014,LabY,BATCH_016,22.403792192625684,8.48890017709117,23.539680467603517,in_vitro,6.0545730793839,True
CMPD_014,LabY,BATCH_016,22.403792192625684,8.48890017709117,23.539680467603517,in_vivo,5.2024554556697895,True
CMPD_014,LabY,BATCH_016,22.403792192625684,8.48890017709117,23.539680467603517,toxicity,0.0427237617441536,False
CMPD_015,LabZ,BATCH_018,21.2200624021753,7.22877262027957,1.278869252018131,in_vitro,1.696163633616426,False
CMPD_015,LabZ,BATCH_018,21.2200624021753,7.22877262027957,1.278869252018131,in_vivo,4.522136357085758,True
CMPD_015,LabZ,BATCH_018,21.2200624021753,7.22877262027957,1.278869252018131,toxicity,3.997061153283053,False
CMPD_016,LabZ,BATCH_028,27.774704724023454,6.825134137326957,23.896878317577467,in_vitro,5.010740757672006,True
CMPD_016,LabZ,BATCH_028,27.774704724023454,6.825134137326957,23.896878317577467,in_vivo,4.0612036751290495,False
CMPD_016,LabZ,BATCH_028,27.774704724023454,6.825134137326957,23.896878317577467,toxicity,8.063284932298075,True
CMPD_017,LabX,BATCH_013,24.419117035977703,7.959399254893442,19.6533536234376,in_vitro,0.4121168303069566,False
CMPD_017,LabX,BATCH_013,24.419117035977703,7.959399254893442,19.6533536234376,in_vivo,5.605255263059629,True
CMPD_017,LabX,BATCH_013,24.419117035977703,7.959399254893442,19.6533536234376,toxicity,6.656020812326945,True
CMPD_018,LabZ,BATCH_079,25.888290342174518,8.483188471328333,7.762913330919979,in_vitro,6.403076916716799,True
CMPD_018,LabZ,BATCH_079,25.888290342174518,8.483188471328333,7.762913330919979,in_vivo,6.574545976002369,True
CMPD_018,LabZ,BATCH_079,25.888290342174518,8.483188471328333,7.762913330919979,toxicity,6.862231816781868,True
CMPD_019,LabX,BATCH_063,24.54445804175273,8.195943386625181,9.456135059359491,in_vitro,3.792040226785552,False
CMPD_019,LabX,BATCH_063,24.54445804175273,8.195943386625181,9.456135059359491,in_vivo,2.797032486046086,False
CMPD_019,LabX,BATCH_063,24.54445804175273,8.195943386625181,9.456135059359491,toxicity,0.9306366546106551,False
CMPD_020,LabZ,BATCH_057,23.11996813575249,7.507546887449268,15.856885215577035,in_vitro,4.274794332640609,False
CMPD_020,LabZ,BATCH_057,23.11996813575249,7.507546887449268,15.856885215577035,in_vivo,3.4449337520902894,False
CMPD_020,LabZ,BATCH_057,23.11996813575249,7.507546887449268,15.856885215577035,toxicity,7.323217627314275,True
CMPD_021,LabY,BATCH_026,25.212365838880437,8.22605755850057,12.071802370213833,in_vitro,4.42488377969773,False
CMPD_021,LabY,BATCH_026,25.212365838880437,8.22605755850057,12.071802370213833,in_vivo,2.939188525544884,False
CMPD_021,LabY,BATCH_026,25.212365838880437,8.22605755850057,12.071802370213833,toxicity,2.622929092077799,False
CMPD_022,LabY,BATCH_002,23.724382614280128,7.621078704833541,8.63769948894787,in_vitro,8.977640107567588,True
CMPD_022,LabY,BATCH_002,23.724382614280128,7.621078704833541,8.63769948894787,in_vivo,4.955827370016845,True
CMPD_022,LabY,BATCH_002,23.724382614280128,7.621078704833541,8.63769948894787,toxicity,3.436991073452113,False
CMPD_023,LabY,BATCH_033,28.84674375945962,8.456650952890095,17.752882280316847,in_vitro,5.248083615544043,True
CMPD_023,LabY,BATCH_033,28.84674375945962,8.456650952890095,17.752882280316847,in_vivo,8.793778312330142,True
CMPD_023,LabY,BATCH_033,28.84674375945962,8.456650952890095,17.752882280316847,toxicity,4.220638715400889,False
CMPD_024,LabX,BATCH_014,26.3846291472814,7.170184868536685,1.7935891594614977,in_vitro,6.374021418896394,True
CMPD_024,LabX,BATCH_014,26.3846291472814,7.170184868536685,1.7935891594614977,in_vivo,7.372922074660648,True
CMPD_024,LabX,BATCH_014,26.3846291472814,7.170184868536685,1.7935891594614977,toxicity,1.2171522163001869,False
CMPD_025,LabX,BATCH_040,23.592604907609317,7.924376387348229,14.334936379096565,in_vitro,3.7231751626609215,False
CMPD_025,LabX,BATCH_040,23.592604907609317,7.924376387348229,14.334936379096565,in_vivo,7.122173256317726,True
CMPD_025,LabX,BATCH_040,23.592604907609317,7.924376387348229,14.334936379096565,toxicity,3.601393121794988,False
CMPD_026,LabY,BATCH_066,26.281901216666792,7.02324961258366,12.41498288018896,in_vitro,5.829250798534567,True
CMPD_026,LabY,BATCH_066,26.281901216666792,7.02324961258366,12.41498288018896,in_vivo,3.48303680175038,False
CMPD_026,LabY,BATCH_066,26.281901216666792,7.02324961258366,12.41498288018896,toxicity,4.108896192976146,False
CMPD_027,LabY,BATCH_075,25.85592525310527,7.345752936933557,14.012285977165394,in_vitro,3.865272388785788,False
CMPD_027,LabY,BATCH_075,25.85592525310527,7.345752936933557,14.012285977165394,in_vivo,6.273340307391664,True
CMPD_027,LabY,BATCH_075,25.85592525310527,7.345752936933557,14.012285977165394,toxicity,5.4031602283991855,True
CMPD_028,LabZ,BATCH_086,28.4461494352925,8.372292670864226,2.26281249094781,in_vitro,5.197718890022039,True
CMPD_028,LabZ,BATCH_086,28.4461494352925,8.372292670864226,2.26281249094781,in_vivo,10.014990475717669,True
CMPD_028,LabZ,BATCH_086,28.4461494352925,8.372292670864226,2.26281249094781,toxicity,8.479394814240134,True
CMPD_029,LabX,BATCH_090,23.348271008033752,7.605006952523087,5.955796953231859,in_vitro,1.037512758892439,False
CMPD_029,LabX,BATCH_090,23.348271008033752,7.605006952523087,5.955796953231859,in_vivo,4.113180653562903,False
CMPD_029,LabX,BATCH_090,23.348271008033752,7.605006952523087,5.955796953231859,toxicity,9.852927349213983,True
CMPD_030,LabY,BATCH_056,23.85771702474364,8.123723399665169,17.534859725910177,in_vitro,3.850819938623916,False
CMPD_030,LabY,BATCH_056,23.85771702474364,8.123723399665169,17.534859725910177,in_vivo,9.17549197175029,True
CMPD_030,LabY,BATCH_056,23.85771702474364,8.123723399665169,17.534859725910177,toxicity,4.147346370263479,False
CMPD_031,LabX,BATCH_058,22.13682748056923,8.224419281506478,18.082806777444077,in_vitro,4.532004858906874,True
CMPD_031,LabX,BATCH_058,22.13682748056923,8.224419281506478,18.082806777444077,in_vivo,6.727142718271624,True
CMPD_031,LabX,BATCH_058,22.13682748056923,8.224419281506478,18.082806777444077,toxicity,4.819585649984329,True
CMPD_032,LabX,BATCH_047,25.749952492926063,7.447138997149293,10.458805165013988,in_vitro,5.989249279148573,True
CMPD_032,LabX,BATCH_047,25.749952492926063,7.447138997149293,10.458805165013988,in_vivo,8.149897398615277,True
CMPD_032,LabX,BATCH_047,25.749952492926063,7.447138997149293,10.458805165013988,toxicity,6.517601867951538,True
CMPD_033,LabY,BATCH_057,25.560482211419377,8.320543542507899,15.501986271707986,in_vitro,5.283064264299399,True
CMPD_033,LabY,BATCH_057,25.560482211419377,8.320543542507899,15.501986271707986,in_vivo,8.347053683435185,True
CMPD_033,LabY,BATCH_057,25.560482211419377,8.320543542507899,15.501986271707986,toxicity,6.753374951750199,True
CMPD_034,LabY,BATCH_084,24.810785926420344,7.240178560139942,1.4217829472449472,in_vitro,3.532913673805304,False
CMPD_034,LabY,BATCH_084,24.810785926420344,7.240178560139942,1.4217829472449472,in_vivo,8.960150466888038,True
CMPD_034,LabY,BATCH_084,24.810785926420344,7.240178560139942,1.4217829472449472,toxicity,6.284731184100356,True
CMPD_035,LabY,BATCH_072,23.0002094155038,8.376936424731625,3.8179402783531584,in_vitro,4.572646462260277,True
CMPD_035,LabY,BATCH_072,23.0002094155038,8.376936424731625,3.8179402783531584,in_vivo,0.9583648308281054,False
CMPD_035,LabY,BATCH_072,23.0002094155038,8.376936424731625,3.8179402783531584,toxicity,2.2448472398706665,False
CMPD_036,LabX,BATCH_015,29.387205231220143,7.3678704992627475,7.390156689987049,in_vitro,8.400269820799874,True
CMPD_036,LabX,BATCH_015,29.387205231220143,7.3678704992627475,7.390156689987049,in_vivo,8.4793305039409,True
CMPD_036,LabX,BATCH_015,29.387205231220143,7.3678704992627475,7.390156689987049,toxicity,5.17056813746648,True
CMPD_037,LabX,BATCH_040,29.473105898089408,6.968610198674356,14.31555505272321,in_vitro,1.459511648049027,False
CMPD_037,LabX,BATCH_040,29.473105898089408,6.968610198674356,14.31555505272321,in_vivo,2.826049492698788,False
CMPD_037,LabX,BATCH_040,29.473105898089408,6.968610198674356,14.31555505272321,toxicity,1.7524632959008444,False
CMPD_038,LabY,BATCH_001,25.714533727065117,8.17045858169203,21.549558245843667,in_vitro,1.6797774801724787,False
CMPD_038,LabY,BATCH_001,25.714533727065117,8.17045858169203,21.549558245843667,in_vivo,9.053604737873812,True
CMPD_038,LabY,BATCH_001,25.714533727065117,8.17045858169203,21.549558245843667,toxicity,9.119835816828948,True
CMPD_039,LabX,BATCH_033,24.74409809985602,8.073856211793323,15.257652890488,in_vitro,2.7583056928688605,False
CMPD_039,LabX,BATCH_033,24.74409809985602,8.073856211793323,15.257652890488,in_vivo,4.982530048204802,True
CMPD_039,LabX,BATCH_033,24.74409809985602,8.073856211793323,15.257652890488,toxicity,2.4304076801363945,False
CMPD_040,LabZ,BATCH_045,26.017339533291736,7.854202552714729,5.575099268851136,in_vitro,4.969523906999827,True
CMPD_040,LabZ,BATCH_045,26.017339533291736,7.854202552714729,5.575099268851136,in_vivo,8.278607766738192,True
CMPD_040,LabZ,BATCH_045,26.017339533291736,7.854202552714729,5.575099268851136,toxicity,7.15743810160603,True
CMPD_041,LabX,BATCH_020,23.37703692603099,7.039592115784728,12.763037344936508,in_vitro,6.617325530994575,True
CMPD_041,LabX,BATCH_020,23.37703692603099,7.039592115784728,12.763037344936508,in_vivo,4.611640525474271,True
CMPD_041,LabX,BATCH_020,23.37703692603099,7.039592115784728,12.763037344936508,toxicity,7.523934231992729,True
CMPD_042,LabY,BATCH_094,22.634368995391423,7.845427223000872,9.90400170633641,in_vitro,6.293337493166662,True
CMPD_042,LabY,BATCH_094,22.634368995391423,7.845427223000872,9.90400170633641,in_vivo,5.807831162631439,True
CMPD_042,LabY,BATCH_094,22.634368995391423,7.845427223000872,9.90400170633641,toxicity,4.769181323600429,True
CMPD_043,LabY,BATCH_092,21.250164611184594,7.94645891721107,19.43693056209999,in_vitro,5.636745879029332,True
CMPD_043,LabY,BATCH_092,21.250164611184594,7.94645891721107,19.43693056209999,in_vivo,5.576503155738653,True
CMPD_043,LabY,BATCH_092,21.250164611184594,7.94645891721107,19.43693056209999,toxicity,3.917136709851479,False
CMPD_044,LabX,BATCH_052,23.81946965307466,8.455348828257415,19.093339824124143,in_vitro,3.450166932545467,False
CMPD_044,LabX,BATCH_052,23.81946965307466,8.455348828257415,19.093339824124143,in_vivo,3.006186079339219,False
CMPD_044,LabX,BATCH_052,23.81946965307466,8.455348828257415,19.093339824124143,toxicity,3.134273776412813,False
CMPD_045,LabZ,BATCH_006,27.680168465361017,7.699438022220555,5.084156060527207,in_vitro,4.623794248909897,True
CMPD_045,LabZ,BATCH_006,27.680168465361017,7.699438022220555,5.084156060527207,in_vivo,4.294630202008837,False
CMPD_045,LabZ,BATCH_006,27.680168465361017,7.699438022220555,5.084156060527207,toxicity,3.758532506794887,False
CMPD_046,LabY,BATCH_069,23.448223109410417,7.173585222164213,14.060046556963268,in_vitro,3.610437050529669,False
CMPD_046,LabY,BATCH_069,23.448223109410417,7.173585222164213,14.060046556963268,in_vivo,5.583760052232633,True
CMPD_046,LabY,BATCH_069,23.448223109410417,7.173585222164213,14.060046556963268,toxicity,7.755214894348611,True
CMPD_047,LabZ,BATCH_002,25.056986298090173,8.18590078035362,11.81220704438487,in_vitro,4.978168637853102,True
CMPD_047,LabZ,BATCH_002,25.056986298090173,8.18590078035362,11.81220704438487,in_vivo,4.847338399918463,True
CMPD_047,LabZ,BATCH_002,25.056986298090173,8.18590078035362,11.81220704438487,toxicity,3.130226614573261,False
CMPD_048,LabY,BATCH_086,25.09854799353063,8.401223549485781,15.58781102938536,in_vitro,4.5538603764185845,True
CMPD_048,LabY,BATCH_086,25.09854799353063,8.401223549485781,15.58781102938536,in_vivo,7.380672681218737,True
CMPD_048,LabY,BATCH_086,25.09854799353063,8.401223549485781,15.58781102938536,toxicity,7.074922207017945,True
CMPD_049,LabZ,BATCH_092,26.184885428448197,7.71642654475915,6.059987861442379,in_vitro,6.935947488548671,True
CMPD_049,LabZ,BATCH_092,26.184885428448197,7.71642654475915,6.059987861442379,in_vivo,6.871737658439685,True
CMPD_049,LabZ,BATCH_092,26.184885428448197,7.71642654475915,6.059987861442379,toxicity,5.87346511112967,True
CMPD_050,LabZ,BATCH_047,24.840266137430948,6.566835989410119,19.76387957358179,in_vitro,5.802414326965991,True
CMPD_050,LabZ,BATCH_047,24.840266137430948,6.566835989410119,19.76387957358179,in_vivo,5.489500653369547,True
CMPD_050,LabZ,BATCH_047,24.840266137430948,6.566835989410119,19.76387957358179,toxicity,4.166229439894972,False
CMPD_051,LabX,BATCH_035,24.33601108223985,8.137475980909304,3.8661267772729873,in_vitro,5.1673987972310185,True
CMPD_051,LabX,BATCH_035,24.33601108223985,8.137475980909304,3.8661267772729873,in_vivo,5.431199367411733,True
CMPD_051,LabX,BATCH_035,24.33601108223985,8.137475980909304,3.8661267772729873,toxicity,6.266337206632104,True
CMPD_052,LabX,BATCH_014,20.980919889657063,8.295017670216708,22.77428204577943,in_vitro,5.200512974090319,True
CMPD_052,LabX,BATCH_014,20.980919889657063,8.295017670216708,22.77428204577943,in_vivo,9.210322761944836,True
CMPD_052,LabX,BATCH_014,20.980919889657063,8.295017670216708,22.77428204577943,toxicity,2.580375605884176,False
CMPD_053,LabX,BATCH_061,23.871223802588556,7.165824192462806,5.051539987565781,in_vitro,6.5089513995414,True
CMPD_053,LabX,BATCH_061,23.871223802588556,7.165824192462806,5.051539987565781,in_vivo,4.917512586721893,True
CMPD_053,LabX,BATCH_061,23.871223802588556,7.165824192462806,5.051539987565781,toxicity,5.004292564253084,True
CMPD_054,LabY,BATCH_027,22.47319367490879,7.4532483210172575,20.91112282345209,in_vitro,3.374848435378384,False
CMPD_054,LabY,BATCH_027,22.47319367490879,7.4532483210172575,20.91112282345209,in_vivo,7.03868653449737,True
CMPD_054,LabY,BATCH_027,22.47319367490879,7.4532483210172575,20.91112282345209,toxicity,6.305683068642314,True
CMPD_055,LabX,BATCH_081,23.966506475878766,8.025938777418046,17.18068731403184,in_vitro,6.667274793607383,True
CMPD_055,LabX,BATCH_081,23.966506475878766,8.025938777418046,17.18068731403184,in_vivo,5.338490809637929,True
CMPD_055,LabX,BATCH_081,23.966506475878766,8.025938777418046,17.18068731403184,toxicity,4.35021037071955,False
CMPD_056,LabX,BATCH_072,24.69534319109128,7.479787488768348,1.739801217420522,in_vitro,4.866876902911086,True
CMPD_056,LabX,BATCH_072,24.69534319109128,7.479787488768348,1.739801217420522,in_vivo,5.86693130011128,True
CMPD_056,LabX,BATCH_072,24.69534319109128,7.479787488768348,1.739801217420522,toxicity,0.9888476541605185,False
CMPD_057,LabZ,BATCH_011,27.9513388772191,7.358642683935272,23.219291053599576,in_vitro,6.745865735150916,True
CMPD_057,LabZ,BATCH_011,27.9513388772191,7.358642683935272,23.219291053599576,in_vivo,9.852385629366132,True
CMPD_057,LabZ,BATCH_011,27.9513388772191,7.358642683935272,23.219291053599576,toxicity,5.960670093906953,True
CMPD_058,LabY,BATCH_026,20.92340694047545,7.998472661204934,22.535979791834915,in_vitro,4.438146751584452,False
CMPD_058,LabY,BATCH_026,20.92340694047545,7.998472661204934,22.535979791834915,in_vivo,4.677529490641461,True
CMPD_058,LabY,BATCH_026,20.92340694047545,7.998472661204934,22.535979791834915,toxicity,6.415084701868338,True
CMPD_059,LabZ,BATCH_034,26.176169199489006,6.904554362181338,7.215724126419425,in_vitro,4.483422673369764,False
CMPD_059,LabZ,BATCH_034,26.176169199489006,6.904554362181338,7.215724126419425,in_vivo,6.737350542678354,True
CMPD_059,LabZ,BATCH_034,26.176169199489006,6.904554362181338,7.215724126419425,toxicity,4.651718565739512,True
CMPD_060,LabX,BATCH_027,21.726705076357483,8.25566520715163,21.587443191792115,in_vitro,8.428366933248675,True
CMPD_060,LabX,BATCH_027,21.726705076357483,8.25566520715163,21.587443191792115,in_vivo,8.373192272044376,True
CMPD_060,LabX,BATCH_027,21.726705076357483,8.25566520715163,21.587443191792115,toxicity,4.339660664118118,False
CMPD_061,LabX,BATCH_026,26.52021606162938,7.083033856302385,13.942365496870666,in_vitro,4.837952326522401,True
CMPD_061,LabX,BATCH_026,26.52021606162938,7.083033856302385,13.942365496870666,in_vivo,4.95526227624332,True
CMPD_061,LabX,BATCH_026,26.52021606162938,7.083033856302385,13.942365496870666,toxicity,4.982067348472521,True
CMPD_062,LabY,BATCH_061,24.40058881294429,8.486452134561098,1.2661605713712163,in_vitro,3.105141909878648,False
CMPD_062,LabY,BATCH_061,24.40058881294429,8.486452134561098,1.2661605713712163,in_vivo,2.825478631451296,False
CMPD_062,LabY,BATCH_061,24.40058881294429,8.486452134561098,1.2661605713712163,toxicity,7.499515143095912,True
CMPD_063,LabY,BATCH_090,23.866873966048807,6.733205932857602,9.459102966052964,in_vitro,7.179574028408334,True
CMPD_063,LabY,BATCH_090,23.866873966048807,6.733205932857602,9.459102966052964,in_vivo,7.145041428354543,True
CMPD_063,LabY,BATCH_090,23.866873966048807,6.733205932857602,9.459102966052964,toxicity,4.861243266119342,True
CMPD_064,LabZ,BATCH_092,29.544362905329532,7.785492092150559,21.53307848891617,in_vitro,8.78402353997939,True
CMPD_064,LabZ,BATCH_092,29.544362905329532,7.785492092150559,21.53307848891617,in_vivo,4.955062046650865,True
CMPD_064,LabZ,BATCH_092,29.544362905329532,7.785492092150559,21.53307848891617,toxicity,6.725752347799482,True
CMPD_065,LabX,BATCH_084,24.35697438316702,7.524063237382979,4.149132951900247,in_vitro,2.222755970930032,False
CMPD_065,LabX,BATCH_084,24.35697438316702,7.524063237382979,4.149132951900247,in_vivo,4.540529337004299,True
CMPD_065,LabX,BATCH_084,24.35697438316702,7.524063237382979,4.149132951900247,toxicity,4.688357888852367,True
CMPD_066,LabY,BATCH_054,28.74855218121197,7.553537814538984,8.28449380657997,in_vitro,4.86902492395677,True
CMPD_066,LabY,BATCH_054,28.74855218121197,7.553537814538984,8.28449380657997,in_vivo,2.349002064008628,False
CMPD_066,LabY,BATCH_054,28.74855218121197,7.553537814538984,8.28449380657997,toxicity,6.4077618556485145,True
CMPD_067,LabX,BATCH_018,25.177212781449494,6.959922830802069,4.407080206376811,in_vitro,7.057220622606756,True
CMPD_067,LabX,BATCH_018,25.177212781449494,6.959922830802069,4.407080206376811,in_vivo,3.512281221754169,False
CMPD_067,LabX,BATCH_018,25.177212781449494,6.959922830802069,4.407080206376811,toxicity,2.7053169673573416,False
CMPD_068,LabX,BATCH_016,24.01536241004193,7.862418515643098,18.29956252192632,in_vitro,3.462116750212155,False
CMPD_068,LabX,BATCH_016,24.01536241004193,7.862418515643098,18.29956252192632,in_vivo,5.990997338280362,True
CMPD_068,LabX,BATCH_016,24.01536241004193,7.862418515643098,18.29956252192632,toxicity,3.806793290183291,False
CMPD_069,LabY,BATCH_099,26.01805670813595,7.107441907182377,23.607733197265087,in_vitro,4.731869500727248,True
CMPD_069,LabY,BATCH_099,26.01805670813595,7.107441907182377,23.607733197265087,in_vivo,2.8530785105946097,False
CMPD_069,LabY,BATCH_099,26.01805670813595,7.107441907182377,23.607733197265087,toxicity,8.958572811002927,True
CMPD_070,LabZ,BATCH_034,27.30778826907698,7.384308227573165,2.3073331263849344,in_vitro,5.146397256325566,True
CMPD_070,LabZ,BATCH_034,27.30778826907698,7.384308227573165,2.3073331263849344,in_vivo,7.299430658453261,True
CMPD_070,LabZ,BATCH_034,27.30778826907698,7.384308227573165,2.3073331263849344,toxicity,5.986339668477673,True
CMPD_071,LabX,BATCH_002,27.70407873194865,7.81159255979944,12.431543898875752,in_vitro,4.916239890069862,True
CMPD_071,LabX,BATCH_002,27.70407873194865,7.81159255979944,12.431543898875752,in_vivo,4.812675350221444,True
CMPD_071,LabX,BATCH_002,27.70407873194865,7.81159255979944,12.431543898875752,toxicity,3.5495126467244296,False
CMPD_072,LabY,BATCH_054,29.19881504100502,7.724622577680794,17.471999169997904,in_vitro,4.099073698232549,False
CMPD_072,LabY,BATCH_054,29.19881504100502,7.724622577680794,17.471999169997904,in_vivo,2.984395336802991,False
CMPD_072,LabY,BATCH_054,29.19881504100502,7.724622577680794,17.471999169997904,toxicity,2.76626805613411,False
CMPD_073,LabY,BATCH_020,23.43971223722445,6.942553182132368,4.712590716814201,in_vitro,9.172750835102704,True
CMPD_073,LabY,BATCH_020,23.43971223722445,6.942553182132368,4.712590716814201,in_vivo,5.557824730163886,True
CMPD_073,LabY,BATCH_020,23.43971223722445,6.942553182132368,4.712590716814201,toxicity,7.93143448340812,True
CMPD_074,LabX,BATCH_027,26.470538619949973,8.155824124298128,9.804956783160588,in_vitro,3.411875485927956,False
CMPD_074,LabX,BATCH_027,26.470538619949973,8.155824124298128,9.804956783160588,in_vivo,2.496792815070512,False
CMPD_074,LabX,BATCH_027,26.470538619949973,8.155824124298128,9.804956783160588,toxicity,3.044443578082298,False
CMPD_075,LabY,BATCH_063,23.11174488707516,6.836282171789494,23.358207843883157,in_vitro,4.155856229820608,False
CMPD_075,LabY,BATCH_063,23.11174488707516,6.836282171789494,23.358207843883157,in_vivo,5.07299986365232,True
CMPD_075,LabY,BATCH_063,23.11174488707516,6.836282171789494,23.358207843883157,toxicity,4.698126766312014,True
CMPD_076,LabY,BATCH_072,26.611160949061453,8.462831443667328,8.76838770404127,in_vitro,3.453618063026743,False
CMPD_076,LabY,BATCH_072,26.611160949061453,8.462831443667328,8.76838770404127,in_vivo,5.175430018635528,True
CMPD_076,LabY,BATCH_072,26.611160949061453,8.462831443667328,8.76838770404127,toxicity,5.350772249079894,True
CMPD_077,LabY,BATCH_020,23.542541214691955,7.523804242539247,8.351216886685638,in_vitro,6.404552855103157,True
CMPD_077,LabY,BATCH_020,23.542541214691955,7.523804242539247,8.351216886685638,in_vivo,7.940864606025076,True
CMPD_077,LabY,BATCH_020,23.542541214691955,7.523804242539247,8.351216886685638,toxicity,4.272212420982154,False
CMPD_078,LabX,BATCH_046,23.306976311112777,7.0257614039786525,1.8222130727148864,in_vitro,7.430961187269264,True
CMPD_078,LabX,BATCH_046,23.306976311112777,7.0257614039786525,1.8222130727148864,in_vivo,5.131875186855974,True
CMPD_078,LabX,BATCH_046,23.306976311112777,7.0257614039786525,1.8222130727148864,toxicity,1.945362025164437,False
CMPD_079,LabZ,BATCH_015,23.173149747365397,6.843387986256983,3.358294376590812,in_vitro,8.566541620791675,True
CMPD_079,LabZ,BATCH_015,23.173149747365397,6.843387986256983,3.358294376590812,in_vivo,9.54507288379938,True
CMPD_079,LabZ,BATCH_015,23.173149747365397,6.843387986256983,3.358294376590812,toxicity,6.238192956103102,True
CMPD_080,LabY,BATCH_059,24.964506615163213,6.688420727224988,18.34849365980997,in_vitro,5.179569928838263,True
CMPD_080,LabY,BATCH_059,24.964506615163213,6.688420727224988,18.34849365980997,in_vivo,4.457189879671007,False
CMPD_080,LabY,BATCH_059,24.964506615163213,6.688420727224988,18.34849365980997,toxicity,4.072104061031183,False
CMPD_081,LabZ,BATCH_002,25.918360334669728,7.937062636244492,2.6782716572908174,in_vitro,7.421402506295033,True
CMPD_081,LabZ,BATCH_002,25.918360334669728,7.937062636244492,2.6782716572908174,in_vivo,4.965453523903654,True
CMPD_081,LabZ,BATCH_002,25.918360334669728,7.937062636244492,2.6782716572908174,toxicity,8.347879594489537,True
CMPD_082,LabX,BATCH_056,24.41084471900001,8.174660307866082,1.357938563950468,in_vitro,5.069724830658331,True
CMPD_082,LabX,BATCH_056,24.41084471900001,8.174660307866082,1.357938563950468,in_vivo,4.175306613153185,False
CMPD_082,LabX,BATCH_056,24.41084471900001,8.174660307866082,1.357938563950468,toxicity,3.7973990709765344,False
CMPD_083,LabX,BATCH_028,22.26364558414919,6.715122783540869,11.122937020565509,in_vitro,3.512567829411004,False
CMPD_083,LabX,BATCH_028,22.26364558414919,6.715122783540869,11.122937020565509,in_vivo,6.028291652812092,True
CMPD_083,LabX,BATCH_028,22.26364558414919,6.715122783540869,11.122937020565509,toxicity,2.411013290283977,False
CMPD_084,LabX,BATCH_004,24.403789189568403,7.750434117305705,20.02983645296924,in_vitro,3.3633250333274933,False
CMPD_084,LabX,BATCH_004,24.403789189568403,7.750434117305705,20.02983645296924,in_vivo,7.6489652516821405,True
CMPD_084,LabX,BATCH_004,24.403789189568403,7.750434117305705,20.02983645296924,toxicity,3.0909013783510444,False
CMPD_085,LabY,BATCH_056,24.63719537771981,7.075957215865001,22.04574573983494,in_vitro,6.725409843980033,True
CMPD_085,LabY,BATCH_056,24.63719537771981,7.075957215865001,22.04574573983494,in_vivo,0.8739763769983693,False
CMPD_085,LabY,BATCH_056,24.63719537771981,7.075957215865001,22.04574573983494,toxicity,7.900174084351503,True
CMPD_086,LabX,BATCH_044,24.1808193954324,7.240295836700834,2.636570885299365,in_vitro,2.459536321944907,False
CMPD_086,LabX,BATCH_044,24.1808193954324,7.240295836700834,2.636570885299365,in_vivo,3.2472125130504823,False
CMPD_086,LabX,BATCH_044,24.1808193954324,7.240295836700834,2.636570885299365,toxicity,6.36068515597265,True
CMPD_087,LabY,BATCH_027,25.28240362497805,7.460508002172309,5.080928001740759,in_vitro,5.540816268416098,True
CMPD_087,LabY,BATCH_027,25.28240362497805,7.460508002172309,5.080928001740759,in_vivo,6.789974872189615,True
CMPD_087,LabY,BATCH_027,25.28240362497805,7.460508002172309,5.080928001740759,toxicity,2.4434747414848497,False
CMPD_088,LabX,BATCH_038,25.29031273379201,7.48919554133893,12.268430324631796,in_vitro,4.426389181332922,False
CMPD_088,LabX,BATCH_038,25.29031273379201,7.48919554133893,12.268430324631796,in_vivo,3.7658435815791256,False
CMPD_088,LabX,BATCH_038,25.29031273379201,7.48919554133893,12.268430324631796,toxicity,2.779622403695153,False
CMPD_089,LabX,BATCH_016,23.53414792378293,8.302799882458466,20.18008181060385,in_vitro,6.191794917040732,True
CMPD_089,LabX,BATCH_016,23.53414792378293,8.302799882458466,20.18008181060385,in_vivo,6.886102893213591,True
CMPD_089,LabX,BATCH_016,23.53414792378293,8.302799882458466,20.18008181060385,toxicity,4.326267589918933,False
CMPD_090,LabX,BATCH_082,23.519535494902584,7.448651141100582,10.008330486212603,in_vitro,8.04542259859234,True
CMPD_090,LabX,BATCH_082,23.519535494902584,7.448651141100582,10.008330486212603,in_vivo,3.428599558243315,False
CMPD_090,LabX,BATCH_082,23.519535494902584,7.448651141100582,10.008330486212603,toxicity,7.996934648274083,True
CMPD_091,LabZ,BATCH_049,21.376021324875893,7.496301440502297,11.525533114539028,in_vitro,6.124478119516532,True
CMPD_091,LabZ,BATCH_049,21.376021324875893,7.496301440502297,11.525533114539028,in_vivo,2.5528656290499785,False
CMPD_091,LabZ,BATCH_049,21.376021324875893,7.496301440502297,11.525533114539028,toxicity,8.963048534165338,True
CMPD_092,LabY,BATCH_073,23.09861861316949,7.526283003026554,6.57563271940585,in_vitro,4.111044933617945,False
CMPD_092,LabY,BATCH_073,23.09861861316949,7.526283003026554,6.57563271940585,in_vivo,7.410235479228901,True
CMPD_092,LabY,BATCH_073,23.09861861316949,7.526283003026554,6.57563271940585,toxicity,5.291298243859265,True
CMPD_093,LabZ,BATCH_051,28.85125225492389,7.955186686609487,16.62428330221173,in_vitro,5.748882448903664,True
CMPD_093,LabZ,BATCH_051,28.85125225492389,7.955186686609487,16.62428330221173,in_vivo,6.802413560984616,True
CMPD_093,LabZ,BATCH_051,28.85125225492389,7.955186686609487,16.62428330221173,toxicity,6.691702368938007,True
CMPD_094,LabZ,BATCH_074,22.79349858905932,7.27579705790346,9.647077921735264,in_vitro,4.315706873753079,False
CMPD_094,LabZ,BATCH_074,22.79349858905932,7.27579705790346,9.647077921735264,in_vivo,6.0633311918771895,True
CMPD_094,LabZ,BATCH_074,22.79349858905932,7.27579705790346,9.647077921735264,toxicity,5.913199697397004,True
CMPD_095,LabZ,BATCH_068,24.92380083465208,6.875221977090849,1.497901759506702,in_vitro,5.427122399378491,True
CMPD_095,LabZ,BATCH_068,24.92380083465208,6.875221977090849,1.497901759506702,in_vivo,4.593366932340541,True
CMPD_095,LabZ,BATCH_068,24.92380083465208,6.875221977090849,1.497901759506702,toxicity,5.423129666388496,True
CMPD_096,LabX,BATCH_008,24.51938186371033,6.671502101822209,11.60117777715217,in_vitro,8.93508149239172,True
CMPD_096,LabX,BATCH_008,24.51938186371033,6.671502101822209,11.60117777715217,in_vivo,4.409945295771685,False
CMPD_096,LabX,BATCH_008,24.51938186371033,6.671502101822209,11.60117777715217,toxicity,7.413174839608418,True
CMPD_097,LabX,BATCH_085,22.648172968660745,7.933107279557999,14.752376816856088,in_vitro,3.760727152167071,False
CMPD_097,LabX,BATCH_085,22.648172968660745,7.933107279557999,14.752376816856088,in_vivo,3.2373706753545126,False
CMPD_097,LabX,BATCH_085,22.648172968660745,7.933107279557999,14.752376816856088,toxicity,11.552798690226,True
CMPD_098,LabZ,BATCH_069,26.541002036784203,8.423955309468251,17.62672317129889,in_vitro,6.080048393978487,True
CMPD_098,LabZ,BATCH_069,26.541002036784203,8.423955309468251,17.62672317129889,in_vivo,6.135026922579227,True
CMPD_098,LabZ,BATCH_069,26.541002036784203,8.423955309468251,17.62672317129889,toxicity,6.190455543668405,True
CMPD_099,LabZ,BATCH_088,26.63471666080037,8.202414770889488,16.661356342800566,in_vitro,7.814599413069176,True
CMPD_099,LabZ,BATCH_088,26.63471666080037,8.202414770889488,16.661356342800566,in_vivo,5.815620029235507,True
CMPD_099,LabZ,BATCH_088,26.63471666080037,8.202414770889488,16.661356342800566,toxicity,6.632443745114385,True
CMPD_100,LabZ,BATCH_066,18.149273828814053,8.281653507148537,23.45927078301773,in_vitro,2.8828634434869547,False
CMPD_100,LabZ,BATCH_066,18.149273828814053,8.281653507148537,23.45927078301773,in_vivo,6.967847074488905,True
CMPD_100,LabZ,BATCH_066,18.149273828814053,8.281653507148537,23.45927078301773,toxicity,4.526478883924918,True
CMPD_101,LabX,BATCH_038,22.456434795676515,7.910761119294834,7.7062874854784065,in_vitro,6.343484964383745,True
CMPD_101,LabX,BATCH_038,22.456434795676515,7.910761119294834,7.7062874854784065,in_vivo,1.5697600906106084,False
CMPD_101,LabX,BATCH_038,22.456434795676515,7.910761119294834,7.7062874854784065,toxicity,6.260359184730227,True
CMPD_102,LabY,BATCH_003,25.01754502317957,6.976575552896136,21.12780731908336,in_vitro,0.5162072904503425,False
CMPD_102,LabY,BATCH_003,25.01754502317957,6.976575552896136,21.12780731908336,in_vivo,4.448169059127646,False
CMPD_102,LabY,BATCH_003,25.01754502317957,6.976575552896136,21.12780731908336,toxicity,1.588896818200789,False
CMPD_103,LabY,BATCH_029,29.057427060864576,7.714458900596782,10.561887711437908,in_vitro,6.266073452501052,True
CMPD_103,LabY,BATCH_029,29.057427060864576,7.714458900596782,10.561887711437908,in_vivo,5.13853976235175,True
CMPD_103,LabY,BATCH_029,29.057427060864576,7.714458900596782,10.561887711437908,toxicity,3.458425193919447,False
CMPD_104,LabX,BATCH_037,24.363053532623287,7.6782668063120765,15.896395190778994,in_vitro,7.868816090069655,True
CMPD_104,LabX,BATCH_037,24.363053532623287,7.6782668063120765,15.896395190778994,in_vivo,3.206667011333237,False
CMPD_104,LabX,BATCH_037,24.363053532623287,7.6782668063120765,15.896395190778994,toxicity,-1.0623876649801778,False
CMPD_105,LabZ,BATCH_006,23.07307053939062,6.533842686929886,9.39401531636918,in_vitro,6.027270067730305,True
CMPD_105,LabZ,BATCH_006,23.07307053939062,6.533842686929886,9.39401531636918,in_vivo,1.4668025611721016,False
CMPD_105,LabZ,BATCH_006,23.07307053939062,6.533842686929886,9.39401531636918,toxicity,3.269980713978315,False
CMPD_106,LabY,BATCH_029,21.35800509456955,7.5120725404549615,8.737442585215192,in_vitro,3.965306854121444,False
CMPD_106,LabY,BATCH_029,21.35800509456955,7.5120725404549615,8.737442585215192,in_vivo,2.1520123006079763,False
CMPD_106,LabY,BATCH_029,21.35800509456955,7.5120725404549615,8.737442585215192,toxicity,4.012544827883558,False
CMPD_107,LabZ,BATCH_006,22.80952194217616,8.000122648288695,3.2822646099015618,in_vitro,2.189436225490221,False
CMPD_107,LabZ,BATCH_006,22.80952194217616,8.000122648288695,3.2822646099015618,in_vivo,5.324766370266094,True
CMPD_107,LabZ,BATCH_006,22.80952194217616,8.000122648288695,3.2822646099015618,toxicity,2.5425094884956225,False
CMPD_108,LabX,BATCH_066,25.058764705328,7.89805482808419,6.816971527794603,in_vitro,5.0602927975640295,True
CMPD_108,LabX,BATCH_066,25.058764705328,7.89805482808419,6.816971527794603,in_vivo,7.32401540854242,True
CMPD_108,LabX,BATCH_066,25.058764705328,7.89805482808419,6.816971527794603,toxicity,6.564745540584327,True
CMPD_109,LabX,BATCH_044,26.320841871882624,6.523530188733996,14.52137091438498,in_vitro,4.836578615716844,True
CMPD_109,LabX,BATCH_044,26.320841871882624,6.523530188733996,14.52137091438498,in_vivo,3.0225253631603635,False
CMPD_109,LabX,BATCH_044,26.320841871882624,6.523530188733996,14.52137091438498,toxicity,5.318354231845162,True
CMPD_110,LabY,BATCH_075,24.705279730487423,6.926121102035071,7.234448773228365,in_vitro,3.608561751065829,False
CMPD_110,LabY,BATCH_075,24.705279730487423,6.926121102035071,7.234448773228365,in_vivo,5.402246917403052,True
CMPD_110,LabY,BATCH_075,24.705279730487423,6.926121102035071,7.234448773228365,toxicity,1.5694295650940011,False
CMPD_111,LabX,BATCH_071,28.67692786172495,8.352416348801368,3.0340645087165563,in_vitro,6.614522112671285,True
CMPD_111,LabX,BATCH_071,28.67692786172495,8.352416348801368,3.0340645087165563,in_vivo,5.066433126026295,True
CMPD_111,LabX,BATCH_071,28.67692786172495,8.352416348801368,3.0340645087165563,toxicity,9.417033360018348,True
CMPD_112,LabZ,BATCH_090,25.249420303292112,7.120294442181605,11.380744678544238,in_vitro,7.612122923685453,True
CMPD_112,LabZ,BATCH_090,25.249420303292112,7.120294442181605,11.380744678544238,in_vivo,6.132373872842113,True
CMPD_112,LabZ,BATCH_090,25.249420303292112,7.120294442181605,11.380744678544238,toxicity,4.752014052584863,True
CMPD_113,LabZ,BATCH_042,26.44652895251148,7.493540226254327,1.9480150568890893,in_vitro,3.5407912725966684,False
CMPD_113,LabZ,BATCH_042,26.44652895251148,7.493540226254327,1.9480150568890893,in_vivo,6.88481859006827,True
CMPD_113,LabZ,BATCH_042,26.44652895251148,7.493540226254327,1.9480150568890893,toxicity,4.541060417360576,True
CMPD_114,LabZ,BATCH_049,26.84317817462302,8.160365933235388,9.290649670432876,in_vitro,7.3367292658966,True
CMPD_114,LabZ,BATCH_049,26.84317817462302,8.160365933235388,9.290649670432876,in_vivo,5.8016463274705705,True
CMPD_114,LabZ,BATCH_049,26.84317817462302,8.160365933235388,9.290649670432876,toxicity,5.815994254499527,True
CMPD_115,LabY,BATCH_058,26.32768272251093,8.157859782386025,3.50699976684845,in_vitro,6.189052253935922,True
CMPD_115,LabY,BATCH_058,26.32768272251093,8.157859782386025,3.50699976684845,in_vivo,3.160746123124886,False
CMPD_115,LabY,BATCH_058,26.32768272251093,8.157859782386025,3.50699976684845,toxicity,2.9557275122527544,False
CMPD_116,LabX,BATCH_072,24.60915159406126,7.355739029705982,3.269119664854608,in_vitro,2.8865811032735507,False
CMPD_116,LabX,BATCH_072,24.60915159406126,7.355739029705982,3.269119664854608,in_vivo,7.0949938297519815,True
CMPD_116,LabX,BATCH_072,24.60915159406126,7.355739029705982,3.269119664854608,toxicity,3.1085568249630544,False
CMPD_117,LabY,BATCH_078,25.145486657394464,6.514439894007436,8.281716013490875,in_vitro,3.3576805836093278,False
CMPD_117,LabY,BATCH_078,25.145486657394464,6.514439894007436,8.281716013490875,in_vivo,6.075034253946285,True
CMPD_117,LabY,BATCH_078,25.145486657394464,6.514439894007436,8.281716013490875,toxicity,4.4959017507302885,False
CMPD_118,LabY,BATCH_066,22.68303287629353,8.141819268141232,18.99777618873408,in_vitro,4.240411515816088,False
CMPD_118,LabY,BATCH_066,22.68303287629353,8.141819268141232,18.99777618873408,in_vivo,4.06689006234616,False
CMPD_118,LabY,BATCH_066,22.68303287629353,8.141819268141232,18.99777618873408,toxicity,0.3487366443173041,False
CMPD_119,LabX,BATCH_028,24.06421850188095,7.976967944372212,19.539889804083334,in_vitro,3.066236948071964,False
CMPD_119,LabX,BATCH_028,24.06421850188095,7.976967944372212,19.539889804083334,in_vivo,7.363126273764182,True
CMPD_119,LabX,BATCH_028,24.06421850188095,7.976967944372212,19.539889804083334,toxicity,3.9212037969320543,False
CMPD_120,LabZ,BATCH_067,23.701107201134896,7.235970154373573,2.7855333607452883,in_vitro,1.1990205879645195,False
CMPD_120,LabZ,BATCH_067,23.701107201134896,7.235970154373573,2.7855333607452883,in_vivo,2.984011522263019,False
CMPD_120,LabZ,BATCH_067,23.701107201134896,7.235970154373573,2.7855333607452883,toxicity,5.719707929509992,True
CMPD_121,LabX,BATCH_078,21.631847490743173,8.32540202071422,5.434464277561953,in_vitro,5.680069218411476,True
CMPD_121,LabX,BATCH_078,21.631847490743173,8.32540202071422,5.434464277561953,in_vivo,4.4114387748773005,False
CMPD_121,LabX,BATCH_078,21.631847490743173,8.32540202071422,5.434464277561953,toxicity,3.621591905829933,False
CMPD_122,LabX,BATCH_056,23.62559495230307,8.380623601855504,10.823450945251976,in_vitro,2.195608028487913,False
CMPD_122,LabX,BATCH_056,23.62559495230307,8.380623601855504,10.823450945251976,in_vivo,5.736370072824016,True
CMPD_122,LabX,BATCH_056,23.62559495230307,8.380623601855504,10.823450945251976,toxicity,6.675740835335579,True
CMPD_123,LabX,BATCH_033,25.4601208087668,7.006490726080502,22.97929173497119,in_vitro,7.577760004103689,True
CMPD_123,LabX,BATCH_033,25.4601208087668,7.006490726080502,22.97929173497119,in_vivo,2.7788252826199136,False
CMPD_123,LabX,BATCH_033,25.4601208087668,7.006490726080502,22.97929173497119,toxicity,7.731045960812376,True
CMPD_124,LabX,BATCH_060,22.30771855483959,6.984621212774895,10.523559992659775,in_vitro,4.886775825471086,True
CMPD_124,LabX,BATCH_060,22.30771855483959,6.984621212774895,10.523559992659775,in_vivo,5.0531439268086125,True
CMPD_124,LabX,BATCH_060,22.30771855483959,6.984621212774895,10.523559992659775,toxicity,6.7871840812629225,True
CMPD_125,LabX,BATCH_079,21.43755217119632,7.72689094513598,9.137465104811438,in_vitro,3.9180921930405344,False
CMPD_125,LabX,BATCH_079,21.43755217119632,7.72689094513598,9.137465104811438,in_vivo,0.6723939973019428,False
CMPD_125,LabX,BATCH_079,21.43755217119632,7.72689094513598,9.137465104811438,toxicity,6.409723096391523,True
CMPD_126,LabY,BATCH_002,25.861189278205305,6.575876625871871,4.380089335787666,in_vitro,5.697141488590146,True
CMPD_126,LabY,BATCH_002,25.861189278205305,6.575876625871871,4.380089335787666,in_vivo,4.279446306246048,False
CMPD_126,LabY,BATCH_002,25.861189278205305,6.575876625871871,4.380089335787666,toxicity,6.245062687874388,True
CMPD_127,LabX,BATCH_050,23.55150158128464,7.979006909812165,23.27581180831356,in_vitro,6.653886920930392,True
CMPD_127,LabX,BATCH_050,23.55150158128464,7.979006909812165,23.27581180831356,in_vivo,1.9759873758768476,False
CMPD_127,LabX,BATCH_050,23.55150158128464,7.979006909812165,23.27581180831356,toxicity,5.045025948795455,True
CMPD_128,LabX,BATCH_036,21.834585473455576,8.310156255588963,10.995976038946829,in_vitro,0.4448747863018312,False
CMPD_128,LabX,BATCH_036,21.834585473455576,8.310156255588963,10.995976038946829,in_vivo,4.752613620976434,True
CMPD_128,LabX,BATCH_036,21.834585473455576,8.310156255588963,10.995976038946829,toxicity,4.254515511942621,False
CMPD_129,LabY,BATCH_090,24.991841056991937,7.562721663390533,5.628758384676901,in_vitro,5.9838180348544805,True
CMPD_129,LabY,BATCH_090,24.991841056991937,7.562721663390533,5.628758384676901,in_vivo,2.8538895407521467,False
CMPD_129,LabY,BATCH_090,24.991841056991937,7.562721663390533,5.628758384676901,toxicity,4.157026928296963,False
CMPD_130,LabZ,BATCH_078,24.493080242486936,8.142221055483033,11.016615631424962,in_vitro,-1.4321143985142726,False
CMPD_130,LabZ,BATCH_078,24.493080242486936,8.142221055483033,11.016615631424962,in_vivo,6.115007642067674,True
CMPD_130,LabZ,BATCH_078,24.493080242486936,8.142221055483033,11.016615631424962,toxicity,4.823200166411853,True
CMPD_131,LabZ,BATCH_069,23.913159140446965,6.700734990190108,15.576917909494762,in_vitro,5.174482875641219,True
CMPD_131,LabZ,BATCH_069,23.913159140446965,6.700734990190108,15.576917909494762,in_vivo,2.013138527930548,False
CMPD_131,LabZ,BATCH_069,23.913159140446965,6.700734990190108,15.576917909494762,toxicity,5.79612434970601,True
CMPD_132,LabY,BATCH_030,27.527711878192772,8.275507018827973,23.026259920606385,in_vitro,8.305499407028451,True
CMPD_132,LabY,BATCH_030,27.527711878192772,8.275507018827973,23.026259920606385,in_vivo,4.6301745622476185,True
CMPD_132,LabY,BATCH_030,27.527711878192772,8.275507018827973,23.026259920606385,toxicity,6.300177816163289,True
CMPD_133,LabX,BATCH_033,23.808088647748683,7.192350154612258,8.780568620827909,in_vitro,3.2587579537482307,False
CMPD_133,LabX,BATCH_033,23.808088647748683,7.192350154612258,8.780568620827909,in_vivo,4.8462876199058895,True
CMPD_133,LabX,BATCH_033,23.808088647748683,7.192350154612258,8.780568620827909,toxicity,1.937318772083665,False
CMPD_134,LabX,BATCH_092,21.10647125434343,8.441200135714917,13.763427820609897,in_vitro,6.576243609386925,True
CMPD_134,LabX,BATCH_092,21.10647125434343,8.441200135714917,13.763427820609897,in_vivo,5.319681154330794,True
CMPD_134,LabX,BATCH_092,21.10647125434343,8.441200135714917,13.763427820609897,toxicity,2.5614272283478745,False
CMPD_135,LabZ,BATCH_015,25.50473767357471,7.765998887693856,2.219592733685648,in_vitro,3.396275646323837,False
CMPD_135,LabZ,BATCH_015,25.50473767357471,7.765998887693856,2.219592733685648,in_vivo,5.122172345196625,True
CMPD_135,LabZ,BATCH_015,25.50473767357471,7.765998887693856,2.219592733685648,toxicity,6.847730031928349,True
CMPD_136,LabY,BATCH_012,22.965901094097333,6.5992492554870505,20.66703926983883,in_vitro,7.959054407037035,True
CMPD_136,LabY,BATCH_012,22.965901094097333,6.5992492554870505,20.66703926983883,in_vivo,4.731749241909687,True
CMPD_136,LabY,BATCH_012,22.965901094097333,6.5992492554870505,20.66703926983883,toxicity,2.270702652261239,False
CMPD_137,LabY,BATCH_086,24.372542553880304,8.451209937178223,20.971451163958463,in_vitro,5.476930280647589,True
CMPD_137,LabY,BATCH_086,24.372542553880304,8.451209937178223,20.971451163958463,in_vivo,8.569764798064703,True
CMPD_137,LabY,BATCH_086,24.372542553880304,8.451209937178223,20.971451163958463,toxicity,1.7545031893549703,False
CMPD_138,LabZ,BATCH_005,24.48069518341061,7.494280927504403,19.614885060990154,in_vitro,3.0908087014221377,False
CMPD_138,LabZ,BATCH_005,24.48069518341061,7.494280927504403,19.614885060990154,in_vivo,6.221928688493287,True
CMPD_138,LabZ,BATCH_005,24.48069518341061,7.494280927504403,19.614885060990154,toxicity,5.307198270508333,True
CMPD_139,LabX,BATCH_072,23.00306334655611,7.346653454045054,15.402127417263838,in_vitro,3.9099605434703975,False
CMPD_139,LabX,BATCH_072,23.00306334655611,7.346653454045054,15.402127417263838,in_vivo,5.440227746602905,True
CMPD_139,LabX,BATCH_072,23.00306334655611,7.346653454045054,15.402127417263838,toxicity,6.955090403708631,True
CMPD_140,LabX,BATCH_038,21.667161620504352,7.0574274302822975,4.653611914710983,in_vitro,4.803327315615002,True
CMPD_140,LabX,BATCH_038,21.667161620504352,7.0574274302822975,4.653611914710983,in_vivo,4.627984611415807,True
CMPD_140,LabX,BATCH_038,21.667161620504352,7.0574274302822975,4.653611914710983,toxicity,6.178048339851433,True
CMPD_141,LabZ,BATCH_034,27.408340738327738,7.635681921103442,1.965321578339541,in_vitro,4.458970236191608,False
CMPD_141,LabZ,BATCH_034,27.408340738327738,7.635681921103442,1.965321578339541,in_vivo,7.285047121756261,True
CMPD_141,LabZ,BATCH_034,27.408340738327738,7.635681921103442,1.965321578339541,toxicity,9.053479356968705,True
CMPD_142,LabZ,BATCH_041,24.207351171702744,8.087434851570425,19.059665961994977,in_vitro,3.214116063740676,False
CMPD_142,LabZ,BATCH_041,24.207351171702744,8.087434851570425,19.059665961994977,in_vivo,2.499948934431902,False
CMPD_142,LabZ,BATCH_041,24.207351171702744,8.087434851570425,19.059665961994977,toxicity,5.743438477380086,True
CMPD_143,LabX,BATCH_065,25.60030190247235,8.151342891958956,17.049331760438047,in_vitro,2.4289909539441954,False
CMPD_143,LabX,BATCH_065,25.60030190247235,8.151342891958956,17.049331760438047,in_vivo,2.3948450420929257,False
CMPD_143,LabX,BATCH_065,25.60030190247235,8.151342891958956,17.049331760438047,toxicity,0.9015884593523164,False
CMPD_144,LabY,BATCH_023,24.710348092800828,7.336528161805152,13.863943057767022,in_vitro,4.2354955048562495,False
CMPD_144,LabY,BATCH_023,24.710348092800828,7.336528161805152,13.863943057767022,in_vivo,4.9340193943455,True
CMPD_144,LabY,BATCH_023,24.710348092800828,7.336528161805152,13.863943057767022,toxicity,3.9652740217155342,False
CMPD_145,LabZ,BATCH_038,28.35190906954438,6.910543349101317,7.736832174139769,in_vitro,7.780666367064343,True
CMPD_145,LabZ,BATCH_038,28.35190906954438,6.910543349101317,7.736832174139769,in_vivo,7.631774534092234,True
CMPD_145,LabZ,BATCH_038,28.35190906954438,6.910543349101317,7.736832174139769,toxicity,8.857687928043513,True
CMPD_146,LabX,BATCH_059,24.724078154835357,8.177314308984915,3.382261020369345,in_vitro,5.093056931867418,True
CMPD_146,LabX,BATCH_059,24.724078154835357,8.177314308984915,3.382261020369345,in_vivo,7.367638117021553,True
CMPD_146,LabX,BATCH_059,24.724078154835357,8.177314308984915,3.382261020369345,toxicity,5.6177052975743065,True
CMPD_147,LabX,BATCH_068,24.134724967332943,8.315781200825665,9.353351510089531,in_vitro,5.416764625039242,True
CMPD_147,LabX,BATCH_068,24.134724967332943,8.315781200825665,9.353351510089531,in_vivo,4.0652278494090766,False
CMPD_147,LabX,BATCH_068,24.134724967332943,8.315781200825665,9.353351510089531,toxicity,0.4737064184897122,False
CMPD_148,LabZ,BATCH_039,29.37146123344515,7.365935093998107,4.315120271756088,in_vitro,6.274582910027979,True
CMPD_148,LabZ,BATCH_039,29.37146123344515,7.365935093998107,4.315120271756088,in_vivo,7.308272473056046,True
CMPD_148,LabZ,BATCH_039,29.37146123344515,7.365935093998107,4.315120271756088,toxicity,1.9487641434035008,False
CMPD_149,LabX,BATCH_016,25.363483793454144,7.187294616890797,4.542375483610424,in_vitro,4.980602675634783,True
CMPD_149,LabX,BATCH_016,25.363483793454144,7.187294616890797,4.542375483610424,in_vivo,6.98329433682914,True
CMPD_149,LabX,BATCH_016,25.363483793454144,7.187294616890797,4.542375483610424,toxicity,4.281002446709164,False
CMPD_150,LabY,BATCH_027,26.269323887687875,7.010820841703687,15.11114133576218,in_vitro,7.386207346664536,True
CMPD_150,LabY,BATCH_027,26.269323887687875,7.010820841703687,15.11114133576218,in_vivo,4.719433933285264,True
CMPD_150,LabY,BATCH_027,26.269323887687875,7.010820841703687,15.11114133576218,toxicity,3.949682938603479,False
CMPD_151,LabY,BATCH_041,21.874116459778527,8.261096684677915,8.526757081833791,in_vitro,7.500573825882467,True
CMPD_151,LabY,BATCH_041,21.874116459778527,8.261096684677915,8.526757081833791,in_vivo,3.1324925277198057,False
CMPD_151,LabY,BATCH_041,21.874116459778527,8.261096684677915,8.526757081833791,toxicity,3.550191936350413,False
CMPD_152,LabY,BATCH_098,26.450207283833024,7.039021242436594,4.331615027169614,in_vitro,3.2089082305653878,False
CMPD_152,LabY,BATCH_098,26.450207283833024,7.039021242436594,4.331615027169614,in_vivo,2.714809461025474,False
CMPD_152,LabY,BATCH_098,26.450207283833024,7.039021242436594,4.331615027169614,toxicity,5.306067834748776,True
CMPD_153,LabY,BATCH_041,24.450237658516468,7.421944104511297,1.4713170781934126,in_vitro,3.9741307964429935,False
CMPD_153,LabY,BATCH_041,24.450237658516468,7.421944104511297,1.4713170781934126,in_vivo,5.977226192832915,True
CMPD_153,LabY,BATCH_041,24.450237658516468,7.421944104511297,1.4713170781934126,toxicity,1.530719328936951,False
CMPD_154,LabZ,BATCH_040,22.57985307528145,6.823425556660216,9.484297995785452,in_vitro,2.7549038189911674,False
CMPD_154,LabZ,BATCH_040,22.57985307528145,6.823425556660216,9.484297995785452,in_vivo,5.10315817905274,True
CMPD_154,LabZ,BATCH_040,22.57985307528145,6.823425556660216,9.484297995785452,toxicity,7.939361194407434,True
CMPD_155,LabZ,BATCH_033,29.018983183291148,8.181106713502528,16.70083229274202,in_vitro,5.757004297835041,True
CMPD_155,LabZ,BATCH_033,29.018983183291148,8.181106713502528,16.70083229274202,in_vivo,3.821218810299114,False
CMPD_155,LabZ,BATCH_033,29.018983183291148,8.181106713502528,16.70083229274202,toxicity,2.0209372932394056,False
CMPD_156,LabY,BATCH_051,22.9126812999459,7.423540732792558,21.93796596509907,in_vitro,3.704307903187813,False
CMPD_156,LabY,BATCH_051,22.9126812999459,7.423540732792558,21.93796596509907,in_vivo,4.915031754914359,True
CMPD_156,LabY,BATCH_051,22.9126812999459,7.423540732792558,21.93796596509907,toxicity,0.2846162119138213,False
CMPD_157,LabY,BATCH_028,26.1764408998014,7.969416011147395,18.198028869758915,in_vitro,2.5732598595041702,False
CMPD_157,LabY,BATCH_028,26.1764408998014,7.969416011147395,18.198028869758915,in_vivo,3.5248880707060555,False
CMPD_157,LabY,BATCH_028,26.1764408998014,7.969416011147395,18.198028869758915,toxicity,4.485182785630077,False
CMPD_158,LabZ,BATCH_029,24.996742775083888,7.329396236610256,2.8938697512245994,in_vitro,4.891327040502591,True
CMPD_158,LabZ,BATCH_029,24.996742775083888,7.329396236610256,2.8938697512245994,in_vivo,3.77826444358573,False
CMPD_158,LabZ,BATCH_029,24.996742775083888,7.329396236610256,2.8938697512245994,toxicity,6.011746364405835,True
CMPD_159,LabX,BATCH_058,25.787485110285782,7.567210202244619,4.246818763531683,in_vitro,5.24941380606093,True
CMPD_159,LabX,BATCH_058,25.787485110285782,7.567210202244619,4.246818763531683,in_vivo,4.25987343098964,False
CMPD_159,LabX,BATCH_058,25.787485110285782,7.567210202244619,4.246818763531683,toxicity,6.287550761875864,True
CMPD_160,LabZ,BATCH_084,25.840949323470365,7.700280966426853,17.351381645201318,in_vitro,6.123881233020267,True
CMPD_160,LabZ,BATCH_084,25.840949323470365,7.700280966426853,17.351381645201318,in_vivo,2.092402898507455,False
CMPD_160,LabZ,BATCH_084,25.840949323470365,7.700280966426853,17.351381645201318,toxicity,4.93594486168271,True
CMPD_161,LabZ,BATCH_079,28.35319586330333,7.425126616627599,14.831837123680812,in_vitro,6.780521062934401,True
CMPD_161,LabZ,BATCH_079,28.35319586330333,7.425126616627599,14.831837123680812,in_vivo,7.114978558604356,True
CMPD_161,LabZ,BATCH_079,28.35319586330333,7.425126616627599,14.831837123680812,toxicity,5.741817581270574,True
CMPD_162,LabY,BATCH_068,25.12864401341605,6.552694664387835,17.999867344140565,in_vitro,4.533422876507213,True
CMPD_162,LabY,BATCH_068,25.12864401341605,6.552694664387835,17.999867344140565,in_vivo,5.8426395884648725,True
CMPD_162,LabY,BATCH_068,25.12864401341605,6.552694664387835,17.999867344140565,toxicity,6.615546862583567,True
CMPD_163,LabZ,BATCH_060,26.54696166677105,8.263425342930594,15.709928254781094,in_vitro,5.231663898019129,True
CMPD_163,LabZ,BATCH_060,26.54696166677105,8.263425342930594,15.709928254781094,in_vivo,5.457208291156841,True
CMPD_163,LabZ,BATCH_060,26.54696166677105,8.263425342930594,15.709928254781094,toxicity,4.500393691329362,True
CMPD_164,LabZ,BATCH_056,26.88107838725853,7.006304250979235,19.582432424942542,in_vitro,2.3264295978326404,False
CMPD_164,LabZ,BATCH_056,26.88107838725853,7.006304250979235,19.582432424942542,in_vivo,4.651271759495689,True
CMPD_164,LabZ,BATCH_056,26.88107838725853,7.006304250979235,19.582432424942542,toxicity,3.645772108238932,False
CMPD_165,LabX,BATCH_063,27.000680544467645,7.160223595710482,8.412841888266895,in_vitro,3.652157244673917,False
CMPD_165,LabX,BATCH_063,27.000680544467645,7.160223595710482,8.412841888266895,in_vivo,7.867668978320313,True
CMPD_165,LabX,BATCH_063,27.000680544467645,7.160223595710482,8.412841888266895,toxicity,6.903114755461,True
CMPD_166,LabX,BATCH_070,26.416887741470973,7.979592743872198,17.236542207367258,in_vitro,1.613001818329855,False
CMPD_166,LabX,BATCH_070,26.416887741470973,7.979592743872198,17.236542207367258,in_vivo,2.83024244744732,False
CMPD_166,LabX,BATCH_070,26.416887741470973,7.979592743872198,17.236542207367258,toxicity,4.272875910894864,False
CMPD_167,LabZ,BATCH_006,25.231963319564592,8.229511791207699,11.24554983253148,in_vitro,3.7187355397280752,False
CMPD_167,LabZ,BATCH_006,25.231963319564592,8.229511791207699,11.24554983253148,in_vivo,5.634836547007582,True
CMPD_167,LabZ,BATCH_006,25.231963319564592,8.229511791207699,11.24554983253148,toxicity,2.512829844385597,False
CMPD_168,LabZ,BATCH_030,24.734804653041333,6.56156620447528,18.21311619282409,in_vitro,6.91706392259723,True
CMPD_168,LabZ,BATCH_030,24.734804653041333,6.56156620447528,18.21311619282409,in_vivo,4.9119889101163485,True
CMPD_168,LabZ,BATCH_030,24.734804653041333,6.56156620447528,18.21311619282409,toxicity,4.318975910577646,False
CMPD_169,LabY,BATCH_015,21.798974041469894,8.091413370189676,8.723091420565233,in_vitro,4.971361114568454,True
CMPD_169,LabY,BATCH_015,21.798974041469894,8.091413370189676,8.723091420565233,in_vivo,4.164983852969937,False
CMPD_169,LabY,BATCH_015,21.798974041469894,8.091413370189676,8.723091420565233,toxicity,0.9387148585477928,False
CMPD_170,LabX,BATCH_018,23.350295439974765,7.625308239342618,12.017936690516114,in_vitro,5.023851961542952,True
CMPD_170,LabX,BATCH_018,23.350295439974765,7.625308239342618,12.017936690516114,in_vivo,4.358507222730884,False
CMPD_170,LabX,BATCH_018,23.350295439974765,7.625308239342618,12.017936690516114,toxicity,3.091085974694494,False
CMPD_171,LabY,BATCH_012,27.89682334024478,8.034556602107296,21.82358333003583,in_vitro,7.194859662833163,True
CMPD_171,LabY,BATCH_012,27.89682334024478,8.034556602107296,21.82358333003583,in_vivo,6.338876026786454,True
CMPD_171,LabY,BATCH_012,27.89682334024478,8.034556602107296,21.82358333003583,toxicity,9.877713413158505,True
CMPD_172,LabZ,BATCH_063,26.369438775776835,7.74626584150537,12.375564894225716,in_vitro,6.669657002384906,True
CMPD_172,LabZ,BATCH_063,26.369438775776835,7.74626584150537,12.375564894225716,in_vivo,3.713129865939447,False
CMPD_172,LabZ,BATCH_063,26.369438775776835,7.74626584150537,12.375564894225716,toxicity,3.1884212427964256,False
CMPD_173,LabZ,BATCH_055,20.979566690867877,7.651438610662408,14.417883343538204,in_vitro,4.011388797427291,False
CMPD_173,LabZ,BATCH_055,20.979566690867877,7.651438610662408,14.417883343538204,in_vivo,3.6667427686427096,False
CMPD_173,LabZ,BATCH_055,20.979566690867877,7.651438610662408,14.417883343538204,toxicity,5.217566727707932,True
CMPD_174,LabZ,BATCH_076,22.35209783156088,7.256389366162161,17.33067499653027,in_vitro,1.9224052456820004,False
CMPD_174,LabZ,BATCH_076,22.35209783156088,7.256389366162161,17.33067499653027,in_vivo,6.294573128092063,True
CMPD_174,LabZ,BATCH_076,22.35209783156088,7.256389366162161,17.33067499653027,toxicity,5.182392738742855,True
CMPD_175,LabX,BATCH_092,21.272887919414387,6.517663686845469,5.378815234402353,in_vitro,6.064928615577391,True
CMPD_175,LabX,BATCH_092,21.272887919414387,6.517663686845469,5.378815234402353,in_vivo,2.711707045944954,False
CMPD_175,LabX,BATCH_092,21.272887919414387,6.517663686845469,5.378815234402353,toxicity,5.493377540672113,True
CMPD_176,LabZ,BATCH_038,26.576234866907573,7.542297811010181,23.93622570647003,in_vitro,7.598353161739272,True
CMPD_176,LabZ,BATCH_038,26.576234866907573,7.542297811010181,23.93622570647003,in_vivo,3.2789854977995683,False
CMPD_176,LabZ,BATCH_038,26.576234866907573,7.542297811010181,23.93622570647003,toxicity,3.224288585045588,False
CMPD_177,LabX,BATCH_063,26.49276616196713,7.680598143511199,15.490164115270034,in_vitro,6.4239149334345305,True
CMPD_177,LabX,BATCH_063,26.49276616196713,7.680598143511199,15.490164115270034,in_vivo,3.061897896924834,False
CMPD_177,LabX,BATCH_063,26.49276616196713,7.680598143511199,15.490164115270034,toxicity,4.533432033685461,True
CMPD_178,LabY,BATCH_038,24.77033514982756,6.88398390046158,6.172127111531005,in_vitro,7.95146535798469,True
CMPD_178,LabY,BATCH_038,24.77033514982756,6.88398390046158,6.172127111531005,in_vivo,3.2526622161547483,False
CMPD_178,LabY,BATCH_038,24.77033514982756,6.88398390046158,6.172127111531005,toxicity,8.08888419774853,True
CMPD_179,LabY,BATCH_043,25.29756126961461,7.319676956219189,23.78843118675657,in_vitro,4.328436516091738,False
CMPD_179,LabY,BATCH_043,25.29756126961461,7.319676956219189,23.78843118675657,in_vivo,2.7575973463223,False
CMPD_179,LabY,BATCH_043,25.29756126961461,7.319676956219189,23.78843118675657,toxicity,6.207408310245255,True
CMPD_180,LabX,BATCH_002,24.65748739035013,7.607672165004441,13.184823050906369,in_vitro,5.215496269252135,True
CMPD_180,LabX,BATCH_002,24.65748739035013,7.607672165004441,13.184823050906369,in_vivo,5.026360521773379,True
CMPD_180,LabX,BATCH_002,24.65748739035013,7.607672165004441,13.184823050906369,toxicity,3.4625634789632693,False
CMPD_181,LabY,BATCH_044,24.24715489082361,8.053536542700146,15.39447331916403,in_vitro,5.200905900904229,True
CMPD_181,LabY,BATCH_044,24.24715489082361,8.053536542700146,15.39447331916403,in_vivo,0.8647388918232997,False
CMPD_181,LabY,BATCH_044,24.24715489082361,8.053536542700146,15.39447331916403,toxicity,5.437529473569541,True
CMPD_182,LabZ,BATCH_058,25.6321357394599,7.008042298191126,20.773762020551345,in_vitro,7.594498400372107,True
CMPD_182,LabZ,BATCH_058,25.6321357394599,7.008042298191126,20.773762020551345,in_vivo,1.4691426049485865,False
CMPD_182,LabZ,BATCH_058,25.6321357394599,7.008042298191126,20.773762020551345,toxicity,4.186449567412222,False
CMPD_183,LabZ,BATCH_086,29.38689910057677,6.682132364164362,11.900154500957417,in_vitro,3.2507203717038915,False
CMPD_183,LabZ,BATCH_086,29.38689910057677,6.682132364164362,11.900154500957417,in_vivo,1.9778919321742685,False
CMPD_183,LabZ,BATCH_086,29.38689910057677,6.682132364164362,11.900154500957417,toxicity,0.8942511593015299,False
CMPD_184,LabX,BATCH_009,26.911407942227733,7.822607924573734,21.958891492188627,in_vitro,2.638328166015729,False
CMPD_184,LabX,BATCH_009,26.911407942227733,7.822607924573734,21.958891492188627,in_vivo,4.515246769227185,True
CMPD_184,LabX,BATCH_009,26.911407942227733,7.822607924573734,21.958891492188627,toxicity,7.298274096937069,True
CMPD_185,LabZ,BATCH_032,26.17840026446518,8.242374092700636,18.21133242581729,in_vitro,1.954570980418989,False
CMPD_185,LabZ,BATCH_032,26.17840026446518,8.242374092700636,18.21133242581729,in_vivo,5.588785518272413,True
CMPD_185,LabZ,BATCH_032,26.17840026446518,8.242374092700636,18.21133242581729,toxicity,5.439283173234029,True
CMPD_186,LabZ,BATCH_029,22.68473663814228,8.281713929055277,6.89732863919053,in_vitro,8.34392592014655,True
CMPD_186,LabZ,BATCH_029,22.68473663814228,8.281713929055277,6.89732863919053,in_vivo,6.142062928794295,True
CMPD_186,LabZ,BATCH_029,22.68473663814228,8.281713929055277,6.89732863919053,toxicity,6.257198986060758,True
CMPD_187,LabX,BATCH_037,25.499218916419423,8.358152720513647,21.10882088511001,in_vitro,6.398600799435801,True
CMPD_187,LabX,BATCH_037,25.499218916419423,8.358152720513647,21.10882088511001,in_vivo,3.1515359693616123,False
CMPD_187,LabX,BATCH_037,25.499218916419423,8.358152720513647,21.10882088511001,toxicity,3.854354952839119,False
CMPD_188,LabY,BATCH_089,20.11859197044983,7.495150288308271,1.1493853679828996,in_vitro,7.233736324541477,True
CMPD_188,LabY,BATCH_089,20.11859197044983,7.495150288308271,1.1493853679828996,in_vivo,0.8984002880117039,False
CMPD_188,LabY,BATCH_089,20.11859197044983,7.495150288308271,1.1493853679828996,toxicity,3.6353778555857392,False
CMPD_189,LabY,BATCH_008,24.2384525707858,7.293823847973391,7.977508748156289,in_vitro,2.338381476276001,False
CMPD_189,LabY,BATCH_008,24.2384525707858,7.293823847973391,7.977508748156289,in_vivo,5.468488084078542,True
CMPD_189,LabY,BATCH_008,24.2384525707858,7.293823847973391,7.977508748156289,toxicity,4.156782829377761,False
CMPD_190,LabY,BATCH_086,25.11678188707701,6.611157345895871,12.240819186477612,in_vitro,6.251940949977435,True
CMPD_190,LabY,BATCH_086,25.11678188707701,6.611157345895871,12.240819186477612,in_vivo,4.7820096785772375,True
CMPD_190,LabY,BATCH_086,25.11678188707701,6.611157345895871,12.240819186477612,toxicity,1.907815359392655,False
CMPD_191,LabY,BATCH_047,23.34394564162468,7.236620764173463,9.372631791935024,in_vitro,2.000264721474966,False
CMPD_191,LabY,BATCH_047,23.34394564162468,7.236620764173463,9.372631791935024,in_vivo,4.987902962721829,True
CMPD_191,LabY,BATCH_047,23.34394564162468,7.236620764173463,9.372631791935024,toxicity,3.4577300655327443,False
CMPD_192,LabX,BATCH_054,26.43341136447742,8.010187934596292,18.2686617716121,in_vitro,3.934732294445304,False
CMPD_192,LabX,BATCH_054,26.43341136447742,8.010187934596292,18.2686617716121,in_vivo,6.876830843578229,True
CMPD_192,LabX,BATCH_054,26.43341136447742,8.010187934596292,18.2686617716121,toxicity,6.518065353734437,True
CMPD_193,LabZ,BATCH_043,26.850563785433664,7.450395438913899,22.73770266887856,in_vitro,8.595467681154716,True
CMPD_193,LabZ,BATCH_043,26.850563785433664,7.450395438913899,22.73770266887856,in_vivo,4.367328910519871,False
CMPD_193,LabZ,BATCH_043,26.850563785433664,7.450395438913899,22.73770266887856,toxicity,3.717706731094268,False
CMPD_194,LabY,BATCH_082,25.33730273522039,7.875004185608832,11.816634964173044,in_vitro,5.83637792885782,True
CMPD_194,LabY,BATCH_082,25.33730273522039,7.875004185608832,11.816634964173044,in_vivo,3.8784110615200498,False
CMPD_194,LabY,BATCH_082,25.33730273522039,7.875004185608832,11.816634964173044,toxicity,3.943877773948525,False
CMPD_195,LabX,BATCH_050,24.91704668342283,7.224590865179136,8.327900539501051,in_vitro,4.595796812136328,True
CMPD_195,LabX,BATCH_050,24.91704668342283,7.224590865179136,8.327900539501051,in_vivo,8.305497911633758,True
CMPD_195,LabX,BATCH_050,24.91704668342283,7.224590865179136,8.327900539501051,toxicity,6.407931610257253,True
CMPD_196,LabX,BATCH_007,25.37301562448014,7.493447652196356,14.800332982054616,in_vitro,6.6176408045557,True
CMPD_196,LabX,BATCH_007,25.37301562448014,7.493447652196356,14.800332982054616,in_vivo,8.215708673616493,True
CMPD_196,LabX,BATCH_007,25.37301562448014,7.493447652196356,14.800332982054616,toxicity,6.80506592015065,True
CMPD_197,LabZ,BATCH_024,29.10414662284387,7.441010157984654,2.103253847327945,in_vitro,2.737188779729925,False
CMPD_197,LabZ,BATCH_024,29.10414662284387,7.441010157984654,2.103253847327945,in_vivo,6.774764728282268,True
CMPD_197,LabZ,BATCH_024,29.10414662284387,7.441010157984654,2.103253847327945,toxicity,7.028509714230514,True
CMPD_198,LabX,BATCH_078,21.58808181021853,7.388787637831539,14.54570391566902,in_vitro,6.303729705386191,True
CMPD_198,LabX,BATCH_078,21.58808181021853,7.388787637831539,14.54570391566902,in_vivo,4.609116252414231,True
CMPD_198,LabX,BATCH_078,21.58808181021853,7.388787637831539,14.54570391566902,toxicity,6.092663412003502,True
CMPD_199,LabX,BATCH_071,23.84357580356049,8.317774880772935,5.945519095192245,in_vitro,4.959520557404708,True
CMPD_199,LabX,BATCH_071,23.84357580356049,8.317774880772935,5.945519095192245,in_vivo,3.0438232475031004,False
CMPD_199,LabX,BATCH_071,23.84357580356049,8.317774880772935,5.945519095192245,toxicity,3.5407327093296845,False
CMPD_200,LabX,BATCH_081,25.590281958674836,6.863015923242991,1.321579398341389,in_vitro,6.407445637798563,True
CMPD_200,LabX,BATCH_081,25.590281958674836,6.863015923242991,1.321579398341389,in_vivo,3.1883596411543147,False
CMPD_200,LabX,BATCH_081,25.590281958674836,6.863015923242991,1.321579398341389,toxicity,3.376892913047472,False
